Player,Team,Position,Fantasy_team,Is_starter,MP,GS,A,CS,GC,OG,PS,PM,YC,RC,S,B,BPS,I,C,T,II,GS2,EG,EA,EGI,EGC,GW
Henderson,CRY,GKP,Papezared ⭐️,True,90,0,0,0,2,0,0,0,0,0,3,0,5,26.4,0,0,2.6,1,0,0,0,1.59,1
White,ARS,DEF,Papezared ⭐️,True,90,0,0,1,0,0,0,0,0,0,0,0,22,5.8,1.3,8,1.5,1,0.07,0.06,0.13,0.47,1
Schär,NEW,DEF,Papezared ⭐️,True,27,0,0,0,0,0,0,0,0,1,0,0,-8,0,0.3,5,0.1,1,0.04,0,0.04,0.2,1
Andersen,FUL,DEF,Papezared ⭐️,True,90,0,0,0,2,0,0,0,1,0,0,0,3,18.4,2.9,7,2.8,1,0.04,0.02,0.06,1.59,1
Van de Ven,TOT,DEF,Papezared ⭐️,True,90,0,0,0,1,0,0,0,0,0,0,0,12,15,3.3,0,1.8,1,0,0.02,0.02,1.02,1
J.Murphy,NEW,MID,Papezared ⭐️,True,29,0,0,0,0,0,0,0,0,0,0,0,9,5,0.9,0,0.6,1,0,0.01,0.01,0.2,1
Amad,MUN,MID,Papezared ⭐️,True,60,0,0,1,0,0,0,0,0,0,0,0,11,7.4,19.1,6,3.3,1,0,0.13,0.13,0.21,1
De Bruyne,MCI,MID,Papezared ⭐️,True,90,0,0,1,0,0,0,0,0,0,0,0,14,5,15.3,4,2.4,1,0.07,0.32,0.39,1.01,1
Rice,ARS,MID,Papezared ⭐️,True,84,0,0,1,0,0,0,0,0,0,0,0,9,6.6,13.4,8,2.8,1,0.09,0.05,0.14,0.32,1
Rogers,AVL,MID,Papezared ⭐️,True,90,0,0,0,1,0,0,0,0,0,0,0,14,17.8,23.3,16,5.7,1,0.21,0.08,0.29,2.46,1
Watkins,AVL,FWD,Papezared ⭐️,True,61,0,0,0,1,0,0,0,0,0,0,0,3,0,0.2,4,0.3,1,0,0,0,1.28,1
Sánchez,CHE,GKP,Papezared ⭐️,False,90,0,0,0,2,0,0,0,0,0,3,0,7,23.4,0,0,2.3,1,0,0,0,0.77,1
Konsa,AVL,DEF,Papezared ⭐️,False,90,0,0,0,1,0,0,0,0,0,0,0,10,13.4,14.1,7,3.5,1,0.07,0.01,0.08,2.46,1
D.D.Fofana,CHE,FWD,Papezared ⭐️,False,0,0,0,0,0,0,0,0,0,0,0,0,0,0,0,0,0,0,0,0,0,0,1
Højlund,MUN,FWD,Papezared ⭐️,False,0,0,0,0,0,0,0,0,0,0,0,0,0,0,0,0,0,0,0,0,0,0,1
Henderson,CRY,GKP,Papezared ⭐️,True,90,0,0,0,2,0,0,0,0,0,1,0,1,11.4,0,0,1.1,1,0,0,0,1.39,2
White,ARS,DEF,Papezared ⭐️,True,90,0,0,1,0,0,0,0,0,0,0,0,23,9.2,6.8,4,2,1,0,0.02,0.02,1.28,2
Van de Ven,TOT,DEF,Papezared ⭐️,True,90,0,1,1,0,0,0,0,0,0,0,0,39,30.4,11.2,0,4.2,1,0,0.04,0.04,1,2
Walker-Peters,SOU,DEF,Papezared ⭐️,True,90,0,0,0,1,0,0,0,0,0,0,0,13,21,4.2,20,4.5,1,0.1,0.02,0.12,2.45,2
Justin,LEI,DEF,Papezared ⭐️,True,90,0,0,0,2,0,0,0,0,0,0,0,10,17.8,0.5,0,1.8,1,0,0,0,1.78,2
Amad,MUN,MID,Papezared ⭐️,True,89,1,0,0,1,0,0,0,1,0,0,0,19,34.8,18.4,23,7.6,1,0.33,0.11,0.44,1.5,2
I.Sarr,CRY,MID,Papezared ⭐️,True,19,0,0,0,1,0,0,0,0,0,0,0,6,1.4,15,6,2.2,0,0.1,0.17,0.27,0.36,2
Rice,ARS,MID,Papezared ⭐️,True,90,0,0,1,0,0,0,0,1,0,0,0,18,18.8,12.3,21,5.2,1,0.07,0.11,0.18,1.28,2
De Bruyne,MCI,MID,Papezared ⭐️,True,89,1,1,0,1,0,0,0,0,0,0,2,48,61.4,71.8,17,15,1,0.81,0.65,1.46,0.29,2
Rogers,AVL,MID,Papezared ⭐️,True,90,0,0,0,2,0,0,0,0,0,0,0,16,14.4,23.4,15,5.3,1,0.11,0.07,0.18,0.87,2
Watkins,AVL,FWD,Papezared ⭐️,True,64,0,0,1,0,0,0,0,0,0,0,0,-1,3.2,21.3,23,4.8,1,0.87,0,0.87,0.36,2
Sánchez,CHE,GKP,Papezared ⭐️,False,90,0,0,0,2,0,0,0,0,0,2,0,8,15,0,0,1.5,1,0,0,0,1.92,2
Colwill,CHE,DEF,Papezared ⭐️,False,90,0,0,0,2,0,0,0,0,0,0,0,10,21.2,0.4,0,2.2,1,0,0,0,1.92,2
D.D.Fofana,CHE,FWD,Papezared ⭐️,False,0,0,0,0,0,0,0,0,0,0,0,0,0,0,0,0,0,0,0,0,0,0,2
Højlund,MUN,FWD,Papezared ⭐️,False,0,0,0,0,0,0,0,0,0,0,0,0,0,0,0,0,0,0,0,0,0,0,2
Sánchez,CHE,GKP,Papezared ⭐️,True,90,0,0,0,1,0,0,0,0,0,2,0,16,16.4,0,0,1.6,1,0,0,0,0.44,3
White,ARS,DEF,Papezared ⭐️,True,90,0,0,0,1,0,0,0,0,0,0,0,8,22,0.8,5,2.8,1,0.04,0,0.04,1.83,3
Faes,LEI,DEF,Papezared ⭐️,True,90,0,0,0,2,0,0,0,0,0,0,0,7,16,1.3,2,1.9,1,0,0.01,0.01,1.55,3
Van de Ven,TOT,DEF,Papezared ⭐️,True,0,0,0,0,0,0,0,0,0,0,0,0,0,0,0,0,0,0,0,0,0,0,3
Alex Moreno,NFO,DEF,Papezared ⭐️,True,0,0,0,0,0,0,0,0,0,0,0,0,0,0,0,0,0,0,0,0,0,0,3
Amad,MUN,MID,Papezared ⭐️,True,21,0,0,0,0,0,0,0,0,0,0,0,3,8.2,25.3,17,5.1,0,0.03,0.13,0.16,0.42,3
Rice,ARS,MID,Papezared ⭐️,True,48,0,0,0,1,0,0,0,0,1,0,0,-10,0,1.7,6,0.1,1,0.03,0.03,0.06,0.08,3
De Bruyne,MCI,MID,Papezared ⭐️,True,87,0,0,0,1,0,0,0,1,0,0,0,20,18.6,92.3,46,15.7,1,0.27,0.64,0.91,0.64,3
Rogers,AVL,MID,Papezared ⭐️,True,90,0,0,0,1,0,0,0,0,0,0,0,9,7.4,15.1,0,2.3,1,0,0.2,0.2,0.45,3
McNeil,EVE,MID,Papezared ⭐️,True,90,0,1,0,3,0,0,0,0,0,0,1,36,33.4,87.6,16,13.7,1,0.06,0.75,0.81,2.22,3
Watkins,AVL,FWD,Papezared ⭐️,True,60,0,1,1,0,0,0,0,0,0,0,0,12,17.2,12.1,26,5.5,1,0.71,0.01,0.72,0.17,3
Henderson,CRY,GKP,Papezared ⭐️,False,90,0,0,0,1,0,0,0,0,0,6,0,18,42.6,0,0,4.3,1,0,0,0,2.27,3
D.D.Fofana,CHE,FWD,Papezared ⭐️,False,0,0,0,0,0,0,0,0,0,0,0,0,0,0,0,0,0,0,0,0,0,0,3
Højlund,MUN,FWD,Papezared ⭐️,False,0,0,0,0,0,0,0,0,0,0,0,0,0,0,0,0,0,0,0,0,0,0,3
Schär,NEW,DEF,Papezared ⭐️,False,0,0,0,0,0,0,0,0,0,0,0,0,0,0,0,0,0,0,0,0,0,0,3
Henderson,CRY,GKP,Papezared ⭐️,True,90,0,0,0,2,0,0,0,0,0,2,0,5,21.6,0,0,2.2,1,0,0,0,1.23,4
White,ARS,DEF,Papezared ⭐️,True,90,0,0,1,0,0,0,0,0,0,0,0,23,10.2,1.9,0,1.2,1,0,0.01,0.01,0.74,4
Van de Ven,TOT,DEF,Papezared ⭐️,True,90,0,0,0,1,0,0,0,1,0,0,0,10,19.6,3.2,17,4,1,0.02,0.02,0.04,0.73,4
Schär,NEW,DEF,Papezared ⭐️,True,90,1,0,0,1,0,0,0,0,0,0,0,24,46.8,1.3,10,5.8,1,0.1,0.01,0.11,0.99,4
Faes,LEI,DEF,Papezared ⭐️,True,90,0,0,0,2,0,0,0,0,0,0,0,1,38.2,0.2,0,3.8,1,0,0,0,2.55,4
Emerson,WHU,DEF,Papezared ⭐️,True,56,0,0,0,1,0,0,0,0,0,0,0,4,7.4,30.5,0,3.8,1,0,0.05,0.05,0.86,4
João Félix,CHE,MID,Papezared ⭐️,True,29,0,0,0,0,0,0,0,1,0,0,0,-1,0,3.4,8,1.1,0,0,0.02,0.02,0.22,4
De Bruyne,MCI,MID,Papezared ⭐️,True,90,0,0,0,1,0,0,0,0,0,0,0,7,13.8,67.4,15,9.6,1,0.06,0.56,0.62,0.96,4
Rogers,AVL,MID,Papezared ⭐️,True,90,0,0,0,2,0,0,0,0,0,0,0,3,21.2,12.4,55,8.9,1,0.23,0.04,0.27,0.9,4
McNeil,EVE,MID,Papezared ⭐️,True,90,1,1,0,3,0,0,0,0,0,0,2,47,61,67.6,7,13.6,1,0.02,0.87,0.89,2.12,4
Watkins,AVL,FWD,Papezared ⭐️,True,83,2,0,0,2,0,0,0,0,0,0,3,52,66.2,15.3,89,17.1,1,1.18,0.07,1.25,0.81,4
Sánchez,CHE,GKP,Papezared ⭐️,False,90,0,0,1,0,0,1,0,1,0,7,3,40,66.2,0,0,6.6,1,0,0,0,1.78,4
Højlund,MUN,FWD,Papezared ⭐️,False,0,0,0,0,0,0,0,0,0,0,0,0,0,0,0,0,0,0,0,0,0,0,4
Rice,ARS,MID,Papezared ⭐️,False,0,0,0,0,0,0,0,0,0,0,0,0,0,0,0,0,0,0,0,0,0,0,4
Richarlison,TOT,FWD,Papezared ⭐️,False,0,0,0,0,0,0,0,0,0,0,0,0,0,0,0,0,0,0,0,0,0,0,4
Sánchez,CHE,GKP,Papezared ⭐️,True,90,0,0,1,0,0,0,0,0,0,7,2,39,52.2,0,0,5.2,1,0,0,0,0.85,5
White,ARS,DEF,Papezared ⭐️,True,45,0,0,0,1,0,0,0,0,0,0,0,3,15.4,0.1,0,1.6,0,0,0,0,1.56,5
Faes,LEI,DEF,Papezared ⭐️,True,90,0,0,0,1,0,0,0,0,0,0,0,10,25.4,1.4,6,3.3,1,0.06,0.06,0.12,1.1,5
Van de Ven,TOT,DEF,Papezared ⭐️,True,90,0,0,0,1,0,0,0,1,0,0,0,5,11.2,2,2,1.5,1,0,0.01,0.01,0.8,5
Alex Moreno,NFO,DEF,Papezared ⭐️,True,45,0,0,0,2,0,0,0,0,0,0,0,-1,7,0.3,0,0.7,1,0,0,0,0.39,5
Rice,ARS,MID,Papezared ⭐️,True,90,0,0,0,2,0,0,0,1,0,0,0,2,16.6,1,2,2,1,0,0.01,0.01,2.16,5
McNeil,EVE,MID,Papezared ⭐️,True,90,0,0,0,1,0,0,0,0,0,0,0,20,11.6,43.8,27,8.2,1,0.13,0.34,0.47,0.66,5
Rogers,AVL,MID,Papezared ⭐️,True,90,0,2,0,1,0,0,0,1,0,0,3,34,42.2,35.3,16,9.4,1,0,0.6,0.6,0.51,5
Schade,BRE,MID,Papezared ⭐️,True,27,0,0,0,1,0,0,0,0,0,0,0,3,7.2,0.3,19,2.7,0,0.06,0,0.06,0.51,5
Watkins,AVL,FWD,Papezared ⭐️,True,90,1,0,0,1,0,0,0,0,0,0,0,30,32,2.8,34,6.9,1,0.34,0.06,0.4,0.51,5
Højlund,MUN,FWD,Papezared ⭐️,True,14,0,0,0,0,0,0,0,0,0,0,0,3,0,0.5,4,0.5,0,0,0.01,0.01,0.14,5
Henderson,CRY,GKP,Papezared ⭐️,False,90,0,0,1,0,0,0,0,1,0,7,2,32,52.2,0,0,5.2,1,0,0,0,1.7,5
De Bruyne,MCI,MID,Papezared ⭐️,False,0,0,0,0,0,0,0,0,0,0,0,0,0,0,0,0,0,0,0,0,0,0,5
Schär,NEW,DEF,Papezared ⭐️,False,90,0,0,0,3,0,0,0,0,0,0,0,5,12.6,7.7,12,3.2,1,0.4,0.2,0.6,2.29,5
Ferguson,WHU,FWD,Papezared ⭐️,False,8,0,0,0,0,0,0,0,0,0,0,0,3,0,0,5,0.5,0,0.05,0,0.05,0,5
Sánchez,CHE,GKP,Papezared ⭐️,True,90,0,0,0,2,0,0,0,0,0,4,0,7,16.8,0,0,1.7,1,0,0,0,1.11,6
Van de Ven,TOT,DEF,Papezared ⭐️,True,80,0,1,1,0,0,0,0,0,0,0,2,37,26.8,11.8,11,5,1,0.09,0.57,0.66,0.77,6
Lacroix,CRY,DEF,Papezared ⭐️,True,90,0,1,0,2,0,0,0,0,0,0,0,21,40.2,11.7,9,6.1,1,0.16,0.15,0.31,0.89,6
Schär,NEW,DEF,Papezared ⭐️,True,90,0,0,0,1,0,0,0,1,0,0,0,3,14.4,0.9,6,2.1,1,0.08,0.04,0.12,0.91,6
Alex Moreno,NFO,DEF,Papezared ⭐️,True,83,0,0,0,1,0,0,0,0,0,0,0,2,3.8,1.8,2,0.8,1,0.05,0.01,0.06,1.32,6
Rice,ARS,MID,Papezared ⭐️,True,90,0,0,0,2,0,0,0,0,0,0,0,22,15.4,29.3,21,6.6,1,0.06,0.22,0.28,0.32,6
McNeil,EVE,MID,Papezared ⭐️,True,82,2,0,0,1,0,0,0,0,0,0,3,46,68.6,29.3,46,14.4,1,0.25,0.21,0.46,0.92,6
Rogers,AVL,MID,Papezared ⭐️,True,63,1,0,0,1,0,0,0,0,0,0,0,14,29.6,2.5,31,6.3,1,0.24,0.14,0.38,0.55,6
Schade,BRE,MID,Papezared ⭐️,True,59,0,0,0,1,0,0,0,0,0,0,0,7,8.4,1.3,4,1.4,1,0,0.02,0.02,0.88,6
Watkins,AVL,FWD,Papezared ⭐️,True,83,1,1,0,2,0,0,0,0,0,0,2,38,48.8,15.4,41,10.5,1,0.4,0.13,0.53,1.12,6
Højlund,MUN,FWD,Papezared ⭐️,True,17,0,0,0,1,0,0,0,0,0,0,0,2,0,0.3,0,0,0,0,0.01,0.01,1.73,6
Henderson,CRY,GKP,Papezared ⭐️,False,90,0,0,0,2,0,0,0,0,0,0,0,0,4,0,4,0.8,1,0.01,0,0.01,0.89,6
White,ARS,DEF,Papezared ⭐️,False,0,0,0,0,0,0,0,0,0,0,0,0,0,0,0,0,0,0,0,0,0,0,6
Ferguson,WHU,FWD,Papezared ⭐️,False,9,0,0,0,0,0,0,0,0,0,0,0,3,0.2,0.6,0,0.1,0,0,0,0,0.07,6
De Bruyne,MCI,MID,Papezared ⭐️,False,0,0,0,0,0,0,0,0,0,0,0,0,0,0,0,0,0,0,0,0,0,0,6
Sánchez,CHE,GKP,Papezared ⭐️,True,90,0,0,0,1,0,0,0,0,0,8,0,21,56.4,0,0,5.6,1,0,0,0,0.85,7
Kiwior,ARS,DEF,Papezared ⭐️,True,1,0,0,0,0,0,0,0,0,0,0,0,3,2.4,0.3,0,0.3,0,0,0,0,0.04,7
Schär,NEW,DEF,Papezared ⭐️,True,90,0,0,1,0,0,0,0,1,0,0,0,18,10.8,1,0,1.2,1,0,0.01,0.01,0.67,7
Van de Ven,TOT,DEF,Papezared ⭐️,True,90,0,0,0,3,0,0,0,0,0,0,0,5,14.2,1.3,0,1.6,1,0,0.01,0.01,1.82,7
Alex Moreno,NFO,DEF,Papezared ⭐️,True,81,0,0,0,1,0,0,0,0,0,0,0,8,17.4,6.3,2,2.6,1,0.01,0.08,0.09,1.24,7
Rice,ARS,MID,Papezared ⭐️,True,90,0,0,0,1,0,0,0,0,0,0,0,15,15.4,54.2,9,7.9,1,0.14,0.2,0.34,0.65,7
McNeil,EVE,MID,Papezared ⭐️,True,90,0,0,1,0,0,0,0,1,0,0,0,6,2.6,22.6,4,2.9,1,0.04,0.09,0.13,2.05,7
Rogers,AVL,MID,Papezared ⭐️,True,90,0,0,1,0,0,0,0,0,0,0,0,4,1.4,14.1,12,2.8,1,0.05,0.02,0.07,0.52,7
Schade,BRE,MID,Papezared ⭐️,True,76,0,0,0,2,0,0,0,0,0,0,0,6,8.6,0.3,46,5.5,1,0.54,0,0.54,0.7,7
Watkins,AVL,FWD,Papezared ⭐️,True,90,0,0,1,0,0,0,0,0,0,0,0,4,0.6,14.3,16,3.1,1,0.06,0.06,0.12,0.52,7
Højlund,MUN,FWD,Papezared ⭐️,True,63,0,0,1,0,0,0,0,0,0,0,0,4,0,2.5,0,0.1,1,0,0,0,0.28,7
Henderson,CRY,GKP,Papezared ⭐️,False,90,0,0,0,1,0,0,0,0,0,3,0,12,19.4,0,0,1.9,1,0,0,0,1.4,7
Ferguson,WHU,FWD,Papezared ⭐️,False,0,0,0,0,0,0,0,0,0,0,0,0,0,0,0,0,0,0,0,0,0,0,7
White,ARS,DEF,Papezared ⭐️,False,0,0,0,0,0,0,0,0,0,0,0,0,0,0,0,0,0,0,0,0,0,0,7
De Bruyne,MCI,MID,Papezared ⭐️,False,0,0,0,0,0,0,0,0,0,0,0,0,0,0,0,0,0,0,0,0,0,0,7
Sánchez,CHE,GKP,Papezared ⭐️,True,90,0,0,0,2,0,0,0,0,0,3,0,13,26.8,0,0,2.7,1,0,0.01,0.01,1.94,8
Kristiansen,LEI,DEF,Papezared ⭐️,True,58,0,0,0,2,0,0,0,0,0,0,0,11,16.4,21.8,0,3.8,1,0,0.05,0.05,1.7,8
Schär,NEW,DEF,Papezared ⭐️,True,90,0,0,0,1,0,0,0,0,0,0,0,13,24.2,15.7,5,4.5,1,0.04,0.23,0.27,1.12,8
Van de Ven,TOT,DEF,Papezared ⭐️,True,90,0,0,0,1,0,0,0,1,0,0,0,14,23.4,2.7,0,2.6,1,0,0.01,0.01,0.78,8
Alex Moreno,NFO,DEF,Papezared ⭐️,True,77,0,0,1,0,0,0,0,0,0,0,0,25,21.4,26.6,4,5.2,1,0.05,0.1,0.15,0.89,8
McNeil,EVE,MID,Papezared ⭐️,True,90,0,1,1,0,0,0,0,0,0,0,0,23,26.8,34.5,20,8.1,1,0.05,0.18,0.23,1.25,8
Rogers,AVL,MID,Papezared ⭐️,True,82,1,0,0,1,0,0,0,1,0,0,0,18,33.8,15.3,23,7.2,1,0.65,0.19,0.84,1.57,8
Rice,ARS,MID,Papezared ⭐️,True,90,0,0,0,2,0,0,0,0,0,0,0,20,21.6,35.8,4,6.1,1,0,0.15,0.15,1.82,8
Schade,BRE,MID,Papezared ⭐️,True,73,0,0,0,2,0,0,0,0,0,0,0,0,0,3,4,0.6,1,0.09,0.01,0.1,1.14,8
Højlund,MUN,FWD,Papezared ⭐️,True,73,1,0,0,1,0,0,0,0,0,0,2,35,35,14.3,28,7.7,1,0.42,0.01,0.43,0.7,8
Watkins,AVL,FWD,Papezared ⭐️,True,74,1,0,0,1,0,0,0,0,0,0,2,31,35.2,2.6,38,7.6,1,0.41,0,0.41,1.54,8
Henderson,CRY,GKP,Papezared ⭐️,False,90,0,0,0,1,0,0,0,0,0,5,0,10,29.8,0,0,3,1,0,0,0,1.62,8
Ferguson,WHU,FWD,Papezared ⭐️,False,59,0,0,0,0,0,0,0,0,0,0,0,3,8.2,0.5,0,0.9,1,0,0,0,1.08,8
White,ARS,DEF,Papezared ⭐️,False,90,0,0,0,2,0,0,0,1,0,0,0,2,7.8,2,2,1.2,1,0,0.01,0.01,1.82,8
De Bruyne,MCI,MID,Papezared ⭐️,False,0,0,0,0,0,0,0,0,0,0,0,0,0,0,0,0,0,0,0,0,0,0,8
Sánchez,CHE,GKP,Papezared ⭐️,True,90,0,0,0,1,0,0,0,1,0,1,0,3,12.8,0,0,1.3,1,0,0,0,1.92,9
White,ARS,DEF,Papezared ⭐️,True,90,0,1,0,2,0,0,0,0,0,0,0,19,32.4,11.7,0,4.4,1,0,0.01,0.01,0.85,9
Schär,NEW,DEF,Papezared ⭐️,True,90,0,0,0,2,0,0,0,1,0,0,0,-1,7.6,0.3,8,1.6,1,0.24,0.02,0.26,1.64,9
Alex Moreno,NFO,DEF,Papezared ⭐️,True,71,0,0,0,1,0,0,0,1,0,0,0,2,9.4,11.8,4,2.5,1,0,0.02,0.02,0.7,9
McNeil,EVE,MID,Papezared ⭐️,True,85,0,0,0,1,0,0,0,0,0,0,0,10,8.6,13.4,17,3.9,1,0.06,0.13,0.19,1.24,9
Rogers,AVL,MID,Papezared ⭐️,True,56,0,0,0,0,0,0,0,0,0,0,0,-2,0.6,12.6,6,1.9,1,0.08,0.08,0.16,0.18,9
Rice,ARS,MID,Papezared ⭐️,True,90,0,1,0,2,0,0,0,0,0,0,0,26,34.8,35.2,2,7.2,1,0,0.2,0.2,0.85,9
Schade,BRE,MID,Papezared ⭐️,True,13,0,0,0,1,0,0,0,0,0,0,0,3,1,0,11,1.2,0,0.14,0,0.14,0.16,9
Ferguson,WHU,FWD,Papezared ⭐️,True,17,1,0,0,2,0,0,0,0,0,0,2,29,32,1.1,17,5,0,0.08,0,0.08,0.72,9
Højlund,MUN,FWD,Papezared ⭐️,True,90,0,0,0,2,0,0,0,0,0,0,0,7,11.6,15.2,28,5.5,1,0.44,0.02,0.46,2.98,9
Watkins,AVL,FWD,Papezared ⭐️,True,81,0,0,1,0,0,0,0,0,0,0,0,14,11.4,22.6,53,8.7,1,0.35,0.23,0.58,0.2,9
Henderson,CRY,GKP,Papezared ⭐️,False,90,0,0,1,0,0,0,0,0,0,3,1,29,21.8,0,0,2.2,1,0,0,0,0.72,9
Van de Ven,TOT,DEF,Papezared ⭐️,False,90,0,0,0,1,0,0,0,1,0,0,0,6,7.4,0.8,6,1.4,1,0.1,0.01,0.11,0.83,9
De Bruyne,MCI,MID,Papezared ⭐️,False,0,0,0,0,0,0,0,0,0,0,0,0,0,0,0,0,0,0,0,0,0,0,9
Kristiansen,LEI,DEF,Papezared ⭐️,False,0,0,0,0,0,0,0,0,0,0,0,0,0,0,0,0,0,0,0,0,0,0,9
Henderson,CRY,GKP,Papezared ⭐️,True,90,0,0,0,2,0,0,0,0,0,4,0,9,26.8,0,0,2.7,1,0,0,0,1.53,10
White,ARS,DEF,Papezared ⭐️,True,19,0,0,0,0,0,0,0,0,0,0,0,6,7.4,17.8,2,2.7,0,0,0.03,0.03,0.04,10
Schär,NEW,DEF,Papezared ⭐️,True,90,0,0,1,0,0,0,0,1,0,0,0,20,18.2,1.5,5,2.5,1,0.06,0.02,0.08,1.05,10
Alex Moreno,NFO,DEF,Papezared ⭐️,True,90,0,1,1,0,0,0,0,0,0,0,0,35,27.6,16.1,8,5.2,1,0.03,0.58,0.61,0.13,10
Davis,IPS,DEF,Papezared ⭐️,True,90,1,0,0,1,0,0,0,0,0,0,2,24,56,40.6,19,11.6,1,0.09,0.22,0.31,1.55,10
McNeil,EVE,MID,Papezared ⭐️,True,90,0,0,0,1,0,0,0,0,0,0,0,14,12.8,26.8,2,4.2,1,0,0.09,0.09,0.74,10
Rogers,AVL,MID,Papezared ⭐️,True,68,1,0,0,1,0,0,0,0,0,0,2,33,38.6,20.9,34,9.4,1,0.75,0.02,0.77,0.96,10
Rice,ARS,MID,Papezared ⭐️,True,90,0,0,0,1,0,0,0,0,0,0,0,9,18,40.8,14,7.3,1,0.35,0.19,0.54,0.53,10
Schade,BRE,MID,Papezared ⭐️,True,18,0,0,0,2,0,0,0,0,0,0,0,3,3.8,4.8,0,0.9,0,0,0,0,0.62,10
Højlund,MUN,FWD,Papezared ⭐️,True,83,0,1,0,1,0,0,0,0,0,0,0,17,5.4,27.5,4,3.7,1,0,0.02,0.02,1.08,10
Watkins,AVL,FWD,Papezared ⭐️,True,90,0,0,0,4,0,0,0,0,0,0,0,-6,0,0.5,10,0.6,1,0.46,0,0.46,2.44,10
Sánchez,CHE,GKP,Papezared ⭐️,False,90,0,0,0,1,0,0,0,0,0,3,0,8,19.4,0,0,1.9,1,0,0,0,1.98,10
Tsimikas,LIV,DEF,Papezared ⭐️,False,90,0,0,0,1,0,0,0,0,0,0,1,27,35.8,40.3,17,9.3,1,0.05,0.5,0.55,1.01,10
Ferguson,WHU,FWD,Papezared ⭐️,False,2,0,0,0,0,0,0,0,0,0,0,0,3,0,0,0,0,0,0,0,0,0,10
De Bruyne,MCI,MID,Papezared ⭐️,False,0,0,0,0,0,0,0,0,0,0,0,0,0,0,0,0,0,0,0,0,0,0,10
Henderson,CRY,GKP,Papezared ⭐️,True,90,0,0,0,2,0,0,0,0,0,5,0,9,40.6,0,0,4.1,1,0,0,0,1.83,11
White,ARS,DEF,Papezared ⭐️,True,90,0,0,0,1,0,0,0,1,0,0,0,6,18.2,12.9,8,3.9,1,0.02,0.18,0.2,1.28,11
Schär,NEW,DEF,Papezared ⭐️,True,90,0,0,0,1,0,0,0,0,0,0,0,10,24,2.3,4,3,1,0.02,0.01,0.03,0.63,11
Alex Moreno,NFO,DEF,Papezared ⭐️,True,87,0,0,0,3,0,0,0,0,0,0,0,-1,23,1.3,0,2.4,1,0,0,0,1.52,11
Davis,IPS,DEF,Papezared ⭐️,True,90,0,0,0,1,0,0,0,1,0,0,0,6,15,29.1,7,5.1,1,0.04,0.15,0.19,1.82,11
De Bruyne,MCI,MID,Papezared ⭐️,True,16,0,0,0,2,0,0,0,0,0,0,0,3,0,1.2,5,0.5,0,0.03,0.01,0.04,0.83,11
Rice,ARS,MID,Papezared ⭐️,True,70,0,0,0,1,0,0,0,0,0,0,0,11,9,5.7,2,1.7,1,0,0.07,0.07,1.22,11
Rogers,AVL,MID,Papezared ⭐️,True,90,0,0,0,2,0,0,0,1,0,0,0,-1,4,28.8,8,4.1,1,0.19,0.03,0.22,2.02,11
Doku,MCI,MID,Papezared ⭐️,True,0,0,0,0,0,0,0,0,0,0,0,0,0,0,0,0,0,0,0,0,0,0,11
Watkins,AVL,FWD,Papezared ⭐️,True,64,0,0,0,1,0,0,0,0,0,0,0,1,0,2.1,21,1.7,1,0.36,0.01,0.37,1.18,11
Højlund,MUN,FWD,Papezared ⭐️,True,74,0,0,1,0,0,0,0,0,0,0,0,2,0,2.4,4,0.5,1,0.07,0.02,0.09,0.77,11
Sánchez,CHE,GKP,Papezared ⭐️,False,90,0,0,0,1,0,0,0,0,0,2,0,9,20.6,0,0,2.1,1,0,0,0,0.99,11
Aké,MCI,DEF,Papezared ⭐️,False,0,0,0,0,0,0,0,0,0,0,0,0,0,0,0,0,0,0,0,0,0,0,11
Ferguson,WHU,FWD,Papezared ⭐️,False,0,0,0,0,0,0,0,0,0,0,0,0,0,0,0,0,0,0,0,0,0,0,11
McNeil,EVE,MID,Papezared ⭐️,False,0,0,0,0,0,0,0,0,0,0,0,0,0,0,0,0,0,0,0,0,0,0,11
Sánchez,CHE,GKP,Papezared ⭐️,True,90,0,0,0,1,0,0,0,1,0,0,0,0,2,0,0,0.2,1,0,0,0,1.11,12
Andersen,FUL,DEF,Papezared ⭐️,True,90,0,0,0,4,0,0,0,0,0,0,0,0,15,0.8,2,1.8,1,0,0.01,0.01,0.91,12
Schär,NEW,DEF,Papezared ⭐️,True,90,0,0,0,2,0,0,0,0,0,0,0,9,28.2,3.3,3,3.5,1,0.03,0.02,0.05,0.91,12
Bradley,LIV,DEF,Papezared ⭐️,True,90,0,0,0,2,0,0,0,1,0,0,0,0,7.6,6.5,24,3.8,1,0.17,0.03,0.2,1.28,12
Davis,IPS,DEF,Papezared ⭐️,True,90,0,0,0,1,0,0,0,0,0,0,0,3,3.6,15.8,2,2.1,1,0,0.29,0.29,0.8,12
De Bruyne,MCI,MID,Papezared ⭐️,True,16,0,0,0,1,0,0,0,1,0,0,0,10,8.8,29.8,7,4.6,0,0.04,0.15,0.19,1.13,12
McNeil,EVE,MID,Papezared ⭐️,True,90,0,0,1,0,0,0,0,0,0,0,0,19,18.4,66.5,15,10,1,0.16,0.17,0.33,1.1,12
Rogers,AVL,MID,Papezared ⭐️,True,81,0,0,0,2,0,0,0,0,0,0,0,5,8.2,19.1,20,4.7,1,0.18,0.05,0.23,1.23,12
Baleba,BHA,MID,Papezared ⭐️,True,58,0,0,0,1,0,0,0,0,1,0,0,-1,2.8,2.3,0,0.5,1,0,0.02,0.02,0.68,12
Watkins,AVL,FWD,Papezared ⭐️,True,90,1,0,0,2,0,0,0,0,0,0,1,28,41.6,2.1,62,10.6,1,1.3,0.02,1.32,1.26,12
Højlund,MUN,FWD,Papezared ⭐️,True,22,0,0,0,0,0,0,0,0,0,0,0,4,2,11.5,4,1.8,0,0,0.08,0.08,0.23,12
Henderson,CRY,GKP,Papezared ⭐️,False,90,0,0,0,2,0,1,0,0,0,3,0,15,46.4,0,0,4.6,1,0,0,0,3.11,12
Rice,ARS,MID,Papezared ⭐️,False,0,0,0,0,0,0,0,0,0,0,0,0,0,0,0,0,0,0,0,0,0,0,12
Alex Moreno,NFO,DEF,Papezared ⭐️,False,71,0,0,0,2,0,0,0,0,0,0,0,3,13.6,4.6,0,1.8,1,0,0,0,0.96,12
Ferguson,WHU,FWD,Papezared ⭐️,False,4,0,0,0,1,0,0,0,0,0,0,0,3,7,0.3,0,0.7,0,0,0,0,0.51,12
Sánchez,CHE,GKP,Papezared ⭐️,True,90,0,0,1,0,0,0,0,0,0,3,0,28,27,0,0,2.7,1,0,0,0,1.15,13
Davis,IPS,DEF,Papezared ⭐️,True,90,0,0,0,1,0,0,0,0,0,0,0,10,16,39.9,8,6.4,1,0,0.37,0.37,1.68,13
Schär,NEW,DEF,Papezared ⭐️,True,90,0,0,0,1,0,0,0,0,0,0,0,12,30.6,0.6,0,3.1,1,0,0.01,0.01,1.76,13
Alex Moreno,NFO,DEF,Papezared ⭐️,True,13,0,0,0,0,0,0,0,0,0,0,0,3,2.2,0.3,0,0.3,0,0,0,0,0.15,13
Branthwaite,EVE,DEF,Papezared ⭐️,True,90,0,0,0,4,0,0,0,0,0,0,0,-5,6.4,0.8,0,0.7,1,0,0.01,0.01,0.73,13
De Bruyne,MCI,MID,Papezared ⭐️,True,11,0,0,0,0,0,0,0,0,0,0,0,3,5.2,0.9,17,2.3,0,0.4,0,0.4,0.11,13
Rice,ARS,MID,Papezared ⭐️,True,90,0,0,0,2,0,0,0,0,0,0,0,14,16.8,39.9,2,5.9,1,0,0.12,0.12,1.54,13
McNeil,EVE,MID,Papezared ⭐️,True,90,0,0,0,4,0,0,0,0,0,0,0,21,6.8,18.9,2,2.8,1,0,0.27,0.27,0.73,13
Rogers,AVL,MID,Papezared ⭐️,True,65,0,0,0,2,0,0,0,0,0,0,0,7,1.2,3.2,0,0.4,1,0,0,0,0.94,13
Georginio,BHA,MID,Papezared ⭐️,True,87,0,0,0,1,0,0,0,0,0,0,0,5,0.4,0.9,29,3,1,0.43,0.01,0.44,1.01,13
Watkins,AVL,FWD,Papezared ⭐️,True,83,0,0,0,3,0,0,0,0,0,0,0,7,7.6,10.8,38,5.6,1,0.38,0.04,0.42,0.97,13
Henderson,CRY,GKP,Papezared ⭐️,False,90,0,0,0,1,0,0,0,0,0,0,0,5,4.4,0,0,0.4,1,0,0,0,0.04,13
Højlund,MUN,FWD,Papezared ⭐️,False,0,0,0,0,0,0,0,0,0,0,0,0,0,0,0,0,0,0,0,0,0,0,13
Bradley,LIV,DEF,Papezared ⭐️,False,0,0,0,0,0,0,0,0,0,0,0,0,0,0,0,0,0,0,0,0,0,0,13
Ferguson,WHU,FWD,Papezared ⭐️,False,11,0,0,0,0,0,0,0,0,0,0,0,2,0,0.1,0,0,0,0,0,0,0.05,13
Henderson,CRY,GKP,Papezared ⭐️,True,90,0,0,1,0,0,0,0,0,0,2,1,26,18.8,0,0,1.9,1,0,0,0,0.49,14
Branthwaite,EVE,DEF,Papezared ⭐️,True,90,0,0,1,0,0,0,0,0,0,0,1,33,20.2,0.5,0,2.1,1,0,0,0,0.78,14
Davis,IPS,DEF,Papezared ⭐️,True,90,0,0,0,1,0,0,0,0,0,0,0,15,17.4,48.8,0,6.6,1,0,0.28,0.28,1.64,14
Schär,NEW,DEF,Papezared ⭐️,True,90,1,0,0,3,0,0,0,0,0,0,0,15,49.6,0.8,33,8.3,1,0.3,0.01,0.31,1.99,14
Kiwior,ARS,DEF,Papezared ⭐️,True,90,0,0,1,0,0,0,0,0,0,0,0,29,11.6,10.5,0,2.2,1,0,0,0,0.22,14
Rice,ARS,MID,Papezared ⭐️,True,90,0,1,1,0,0,0,0,0,0,0,1,33,31.8,47.1,7,8.6,1,0.08,0.41,0.49,0.22,14
McNeil,EVE,MID,Papezared ⭐️,True,73,0,2,1,0,0,0,0,0,0,0,0,27,5.2,27.6,4,3.7,1,0.07,0.06,0.13,0.78,14
Rogers,AVL,MID,Papezared ⭐️,True,86,1,0,0,1,0,0,0,0,0,0,1,34,42.8,39.7,21,10.4,1,0.24,0.33,0.57,0.96,14
Georginio,BHA,MID,Papezared ⭐️,True,9,0,0,0,1,0,0,0,0,0,0,0,4,1.2,0.5,0,0.2,0,0,0,0,0.03,14
Watkins,AVL,FWD,Papezared ⭐️,True,64,1,1,0,1,0,0,0,0,0,0,3,50,60.6,25.5,91,17.7,1,1.23,0.03,1.26,0.76,14
Højlund,MUN,FWD,Papezared ⭐️,True,78,0,0,0,2,0,0,0,0,0,0,0,5,0,1.5,0,0.1,1,0,0,0,1.65,14
Sánchez,CHE,GKP,Papezared ⭐️,False,0,0,0,0,0,0,0,0,0,0,0,0,0,0,0,0,0,0,0,0,0,0,14
De Bruyne,MCI,MID,Papezared ⭐️,False,73,1,1,1,0,0,0,0,0,0,0,3,52,63.6,62.6,47,17.3,1,0.35,0.25,0.6,0.94,14
Ferguson,WHU,FWD,Papezared ⭐️,False,10,0,0,0,1,0,0,0,0,0,0,0,2,0,1.2,1,0,0,0.06,0,0.06,0.03,14
Alex Moreno,NFO,DEF,Papezared ⭐️,False,90,0,0,0,3,0,0,0,0,0,0,0,4,16.2,5.2,5,2.6,1,0.03,0.01,0.04,2.41,14
Sánchez,CHE,GKP,Papezared ⭐️,True,90,0,0,0,3,0,0,0,1,0,2,0,-5,15.8,0,0,1.6,1,0,0,0,2.9,15
Davis,IPS,DEF,Papezared ⭐️,True,90,0,0,0,2,0,0,0,0,0,0,0,7,13.8,25.5,4,4.3,1,0,0.12,0.12,3.28,15
Schär,NEW,DEF,Papezared ⭐️,True,90,0,0,0,4,0,0,0,0,0,0,0,-2,16.2,1.1,0,1.7,1,0,0.01,0.01,1.23,15
Zabarnyi,BOU,DEF,Papezared ⭐️,True,90,0,0,0,1,0,0,0,0,0,0,2,29,47.2,14.5,0,6.2,1,0,0.01,0.01,1.32,15
De Bruyne,MCI,MID,Papezared ⭐️,True,85,0,0,0,2,0,0,0,0,0,0,0,10,5.8,48.6,10,6.4,1,0.02,0.63,0.65,1.23,15
Rice,ARS,MID,Papezared ⭐️,True,90,0,0,0,1,0,0,0,1,0,0,1,21,10.4,46.3,16,7.3,1,0.12,0.6,0.72,0.16,15
Rogers,AVL,MID,Papezared ⭐️,True,90,0,0,1,0,0,0,0,1,0,0,0,7,14,50.3,14,7.8,1,0.16,0.56,0.72,0.33,15
Georginio,BHA,MID,Papezared ⭐️,True,90,0,0,0,2,0,0,0,0,0,0,0,15,21.2,8.8,6,3.6,1,0,0.04,0.04,1.31,15
Ferguson,WHU,FWD,Papezared ⭐️,True,69,0,0,1,0,0,0,0,0,0,0,0,10,7.2,10.7,23,4.1,1,0.14,0.18,0.32,0.32,15
Watkins,AVL,FWD,Papezared ⭐️,True,32,0,0,0,0,0,0,0,0,0,0,0,6,0,11.8,32,4.3,0,0.37,0.41,0.78,0.1,15
Højlund,MUN,FWD,Papezared ⭐️,True,90,1,0,0,3,0,0,0,0,0,0,2,32,35.4,3.5,26,6.5,1,0.71,0.02,0.73,0.83,15
Henderson,CRY,GKP,Papezared ⭐️,False,90,0,0,0,2,0,0,0,0,0,2,0,3,18.2,0,0,1.8,1,0,0,0,1.45,15
Branthwaite,EVE,DEF,Papezared ⭐️,False,0,0,0,0,0,0,0,0,0,0,0,0,0,0,0,0,0,0,0,0,0,0,15
McNeil,EVE,MID,Papezared ⭐️,False,0,0,0,0,0,0,0,0,0,0,0,0,0,0,0,0,0,0,0,0,0,0,15
Alex Moreno,NFO,DEF,Papezared ⭐️,False,0,0,0,0,0,0,0,0,0,0,0,0,0,0,0,0,0,0,0,0,0,0,15
Sánchez,CHE,GKP,Papezared ⭐️,True,90,0,0,0,1,0,0,0,0,0,3,0,13,24,0,0,2.4,1,0,0,0,1.61,16
Davis,IPS,DEF,Papezared ⭐️,True,90,0,0,0,1,0,0,0,0,0,0,0,9,11.4,6.5,15,3.3,1,0.04,0.05,0.09,1.27,16
Schär,NEW,DEF,Papezared ⭐️,True,90,0,0,1,0,0,0,0,0,0,0,0,24,11.8,1.2,2,1.5,1,0,0.01,0.01,0.19,16
Zabarnyi,BOU,DEF,Papezared ⭐️,True,90,0,0,0,1,0,0,0,0,0,0,0,10,19.8,0.9,7,2.8,1,0.12,0,0.12,2.18,16
Aina,NFO,DEF,Papezared ⭐️,True,90,0,0,0,1,0,0,0,0,0,0,0,8,7.8,12.4,0,2,1,0,0.01,0.01,0.42,16
Minteh,BHA,MID,Papezared ⭐️,True,71,0,0,0,2,0,0,0,0,0,0,0,7,6.2,3.3,6,1.6,1,0,0.08,0.08,1.3,16
Rice,ARS,MID,Papezared ⭐️,True,61,0,0,1,0,0,0,0,0,0,0,0,16,12,16.8,2,3.1,1,0.03,0.06,0.09,0.09,16
Rogers,AVL,MID,Papezared ⭐️,True,90,0,0,0,2,0,0,0,0,0,0,0,7,4.8,12.9,17,3.5,1,0.02,0.06,0.08,1.78,16
De Bruyne,MCI,MID,Papezared ⭐️,True,67,0,1,1,0,0,0,0,0,0,0,0,22,1.8,3.8,8,1.4,1,0.06,0.03,0.09,0.21,16
Højlund,MUN,FWD,Papezared ⭐️,True,77,0,0,0,1,0,0,0,1,0,0,0,6,1.2,13.8,2,1.7,1,0,0.2,0.2,0.95,16
Watkins,AVL,FWD,Papezared ⭐️,True,16,0,0,0,2,0,0,0,0,0,0,0,3,0.4,2.4,2,0.5,0,0,0.01,0.01,0.8,16
Henderson,CRY,GKP,Papezared ⭐️,False,90,0,0,0,1,0,0,0,1,0,5,0,14,35,0,0,3.5,1,0,0,0,1,16
McNeil,EVE,MID,Papezared ⭐️,False,0,0,0,0,0,0,0,0,0,0,0,0,0,0,0,0,0,0,0,0,0,0,16
Ferguson,WHU,FWD,Papezared ⭐️,False,18,0,0,0,1,0,0,0,0,0,0,0,3,2,10.8,4,1.7,0,0,0.09,0.09,1.01,16
Branthwaite,EVE,DEF,Papezared ⭐️,False,90,0,0,1,0,0,0,0,0,0,0,0,23,18.8,0.1,0,1.9,1,0,0,0,1.22,16
Sánchez,CHE,GKP,Papezared ⭐️,True,90,0,0,1,0,0,0,0,0,0,4,2,29,24.2,0,0,2.4,1,0,0,0,1.03,17
Branthwaite,EVE,DEF,Papezared ⭐️,True,90,0,0,1,0,0,0,0,0,0,0,0,21,15.8,0.4,0,1.6,1,0,0.01,0.01,0.86,17
Davis,IPS,DEF,Papezared ⭐️,True,90,0,0,0,4,0,0,0,0,0,0,0,-1,11.8,17.1,0,2.9,1,0,0.14,0.14,2.33,17
Schär,NEW,DEF,Papezared ⭐️,True,90,0,0,1,0,0,0,0,0,0,0,0,30,26.4,1.3,0,2.8,1,0,0.01,0.01,0.71,17
Aina,NFO,DEF,Papezared ⭐️,True,90,1,0,1,0,0,0,0,0,0,0,3,38,49,2.4,22,7.3,1,0.21,0.01,0.22,0.72,17
Rice,ARS,MID,Papezared ⭐️,True,32,1,1,0,0,0,0,0,0,0,0,2,40,63.2,19.9,22,10.5,0,0.16,0.05,0.21,0.06,17
Rogers,AVL,MID,Papezared ⭐️,True,90,1,1,1,0,0,0,0,0,0,0,3,50,60,30.6,35,12.6,1,0.33,0.23,0.56,0.73,17
Anderson,NFO,MID,Papezared ⭐️,True,63,0,0,1,0,0,0,0,0,0,0,0,13,14.2,27.3,8,5,1,0,0.28,0.28,0.54,17
Ferguson,WHU,FWD,Papezared ⭐️,True,5,0,0,0,0,0,0,0,0,0,0,0,3,0,10.3,6,1.6,0,0.18,0.12,0.3,0.53,17
Watkins,AVL,FWD,Papezared ⭐️,True,10,0,0,0,1,0,0,0,0,0,0,0,5,3,0,17,2,0,0.09,0,0.09,0.42,17
Højlund,MUN,FWD,Papezared ⭐️,True,36,0,0,0,2,0,0,0,0,0,0,0,5,4.6,15.7,20,4,0,0.08,0.17,0.25,0.92,17
Henderson,CRY,GKP,Papezared ⭐️,False,90,0,0,0,5,0,0,0,0,0,1,0,-11,10,0,0,1,1,0,0,0,2.87,17
De Bruyne,MCI,MID,Papezared ⭐️,False,0,0,0,0,0,0,0,0,0,0,0,0,0,0,0,0,0,0,0,0,0,0,17
McNeil,EVE,MID,Papezared ⭐️,False,0,0,0,0,0,0,0,0,0,0,0,0,0,0,0,0,0,0,0,0,0,0,17
Zabarnyi,BOU,DEF,Papezared ⭐️,False,90,0,0,1,0,0,0,0,0,0,0,0,28,26.6,10.3,0,3.7,1,0,0.02,0.02,2.26,17
Sánchez,CHE,GKP,Papezared ⭐️,True,90,0,0,0,2,0,0,0,0,0,5,0,11,40,0,0,4,1,0,0,0,1.78,18
Aké,MCI,DEF,Papezared ⭐️,True,84,0,0,0,1,0,0,0,0,0,0,0,11,14.2,1.8,7,2.3,1,0.11,0.03,0.14,0.55,18
Tsimikas,LIV,DEF,Papezared ⭐️,True,4,0,0,0,0,0,0,0,0,0,0,0,4,2,8.6,2,1.3,0,0,0.14,0.14,0,18
Schär,NEW,DEF,Papezared ⭐️,True,90,0,0,1,0,0,0,0,0,0,0,0,30,17.4,3.7,8,2.9,1,0.1,0.09,0.19,0.34,18
Aina,NFO,DEF,Papezared ⭐️,True,90,0,0,1,0,0,0,0,0,0,0,0,17,8.4,1.5,4,1.4,1,0.24,0.01,0.25,0.9,18
Zabarnyi,BOU,DEF,Papezared ⭐️,True,90,0,0,1,0,0,0,0,0,0,0,0,23,22,34.7,4,6.1,1,0,0.16,0.16,0.45,18
De Bruyne,MCI,MID,Papezared ⭐️,True,15,0,0,0,0,0,0,0,0,0,0,0,4,1.4,5.9,2,0.9,0,0,0.13,0.13,0.12,18
Rice,ARS,MID,Papezared ⭐️,True,86,0,0,1,0,0,0,0,0,0,0,0,19,16.6,24.6,6,4.7,1,0.11,0.31,0.42,0.02,18
Rogers,AVL,MID,Papezared ⭐️,True,68,0,0,0,2,0,0,0,0,0,0,0,9,3.4,0.4,2,0.6,1,0,0,0,2.49,18
Watkins,AVL,FWD,Papezared ⭐️,True,45,0,0,0,2,0,0,0,0,0,0,0,-1,0,1.4,0,0.1,0,0,0,0,1.96,18
Højlund,MUN,FWD,Papezared ⭐️,True,78,0,0,0,1,0,0,0,0,0,0,0,6,1.2,10.8,0,1.2,1,0,0.02,0.02,0.31,18
Henderson,CRY,GKP,Papezared ⭐️,False,90,0,0,1,0,0,0,0,0,0,3,0,26,26.4,10,0,3.6,1,0,0,0,1.47,18
Ferguson,WHU,FWD,Papezared ⭐️,False,0,0,0,0,0,0,0,0,0,0,0,0,0,0,0,0,0,0,0,0,0,0,18
Baleba,BHA,MID,Papezared ⭐️,False,90,0,0,1,0,0,0,0,0,0,0,0,14,17.8,2.3,17,3.7,1,0.04,0.04,0.08,0.93,18
Anderson,NFO,MID,Papezared ⭐️,False,81,0,0,1,0,0,0,0,1,0,0,0,12,16.2,16.4,4,3.7,1,0.06,0.19,0.25,0.87,18
Henderson,CRY,GKP,Papezared ⭐️,True,90,0,0,0,1,0,0,0,0,0,2,0,8,19.6,0,0,2,1,0,0.01,0.01,0.94,19
Aina,NFO,DEF,Papezared ⭐️,True,90,0,0,1,0,0,0,0,0,0,0,2,28,11.4,1,0,1.2,1,0,0,0,0.89,19
Schär,NEW,DEF,Papezared ⭐️,True,90,0,0,1,0,0,0,0,1,0,0,0,28,15,10.8,2,2.8,1,0.02,0.02,0.04,0.9,19
Branthwaite,EVE,DEF,Papezared ⭐️,True,90,0,0,0,2,0,0,0,1,0,0,0,6,15.8,12.1,9,3.7,1,0.13,0.1,0.23,1.48,19
Davis,IPS,DEF,Papezared ⭐️,True,90,0,0,1,0,0,0,0,1,0,0,0,17,13,8.3,4,2.5,1,0,0.07,0.07,2,19
Rogers,AVL,MID,Papezared ⭐️,True,90,1,1,0,2,0,0,0,1,0,0,2,34,39.4,14.8,40,9.4,1,0.12,0.17,0.29,1.13,19
Anderson,NFO,MID,Papezared ⭐️,True,81,0,0,1,0,0,0,0,0,0,0,0,12,13.6,12.2,0,2.6,1,0,0.01,0.01,0.81,19
Rice,ARS,MID,Papezared ⭐️,True,12,0,0,0,0,0,0,0,0,0,0,0,3,0,0.2,0,0,0,0,0,0,0,19
De Bruyne,MCI,MID,Papezared ⭐️,True,90,0,0,1,0,0,0,0,0,0,0,0,7,12.4,18.8,7,3.8,1,0.08,0.14,0.22,1.3,19
Højlund,MUN,FWD,Papezared ⭐️,True,90,0,0,0,2,0,0,0,0,0,0,0,2,0.4,14.8,8,2.3,1,0.16,0.02,0.18,1.92,19
Watkins,AVL,FWD,Papezared ⭐️,True,90,1,1,0,2,0,0,0,0,0,0,3,41,64.8,44.4,79,18.8,1,1.07,0.15,1.22,1.13,19
Sánchez,CHE,GKP,Papezared ⭐️,False,0,0,0,0,0,0,0,0,0,0,0,0,0,0,0,0,0,0,0,0,0,0,19
McNeil,EVE,MID,Papezared ⭐️,False,0,0,0,0,0,0,0,0,0,0,0,0,0,0,0,0,0,0,0,0,0,0,19
Zabarnyi,BOU,DEF,Papezared ⭐️,False,90,0,0,0,2,0,0,0,0,0,0,0,1,17.4,1.8,7,2.6,1,0.2,0.01,0.21,1.11,19
Ferguson,WHU,FWD,Papezared ⭐️,False,0,0,0,0,0,0,0,0,0,0,0,0,0,0,0,0,0,0,0,0,0,0,19
Ramsdale,SOU,GKP,Papezared ⭐️,True,90,0,0,0,5,0,0,0,0,0,5,0,0,39,0,0,3.9,1,0,0,0,4.46,20
Aina,NFO,DEF,Papezared ⭐️,True,90,0,0,1,0,0,0,0,0,0,0,0,30,15,0.9,2,1.8,1,0,0.01,0.01,1.57,20
Zabarnyi,BOU,DEF,Papezared ⭐️,True,90,0,0,1,0,0,0,0,0,0,0,1,26,19.8,10.5,2,3.2,1,0.05,0,0.05,0.71,20
Aké,MCI,DEF,Papezared ⭐️,True,60,0,0,1,0,0,0,0,0,0,0,0,27,9.2,0.8,0,1,1,0,0,0,0.59,20
Davis,IPS,DEF,Papezared ⭐️,True,90,0,0,0,2,0,0,0,1,0,0,0,-4,8.6,29.7,10,4.8,1,0.1,0.07,0.17,2.24,20
Bailey,AVL,MID,Papezared ⭐️,True,90,1,0,0,1,0,0,0,0,0,0,2,31,37.6,7.3,54,9.9,1,0.27,0.02,0.29,0.41,20
Anderson,NFO,MID,Papezared ⭐️,True,68,0,0,1,0,0,0,0,1,0,0,0,12,5.8,1.7,7,1.5,1,0.13,0.01,0.14,1.5,20
Rice,ARS,MID,Papezared ⭐️,True,90,0,0,0,1,0,0,0,0,0,0,2,28,15.4,57.7,9,8.2,1,0.04,0.42,0.46,1.52,20
De Bruyne,MCI,MID,Papezared ⭐️,True,90,0,1,0,1,0,0,0,0,0,0,0,25,24.4,25.9,15,6.5,1,0.03,0.21,0.24,1.37,20
Højlund,MUN,FWD,Papezared ⭐️,True,86,0,0,0,2,0,0,0,0,0,0,0,4,2,3.8,23,2.9,1,0.11,0,0.11,2.18,20
Watkins,AVL,FWD,Papezared ⭐️,True,90,0,0,0,1,0,0,0,0,0,0,0,-2,0,12.2,20,2.8,1,0.45,0.07,0.52,0.41,20
Henderson,CRY,GKP,Papezared ⭐️,False,90,0,0,0,1,0,0,0,0,0,0,0,4,2.4,0,0,0.2,1,0,0,0,1.24,20
Awoniyi,NFO,FWD,Papezared ⭐️,False,2,1,0,0,0,0,0,0,0,0,0,0,24,31,0,23,5.4,0,1.06,0,1.06,0,20
Schär,NEW,DEF,Papezared ⭐️,False,0,0,0,0,0,0,0,0,0,0,0,0,0,0,0,0,0,0,0,0,0,0,20
Rogers,AVL,MID,Papezared ⭐️,False,0,0,0,0,0,0,0,0,0,0,0,0,0,0,0,0,0,0,0,0,0,0,20
Henderson,CRY,GKP,Papezared ⭐️,True,90,0,0,1,0,0,0,0,0,0,4,0,30,22.2,0,0,2.2,1,0,0,0,1.7,21
Davis,IPS,DEF,Papezared ⭐️,True,90,0,0,0,2,0,0,0,0,0,0,0,10,14.4,20.5,0,3.5,1,0,0.06,0.06,0.97,21
Aké,MCI,DEF,Papezared ⭐️,True,90,0,0,0,2,0,0,0,0,0,0,0,13,17.8,4,0,2.2,1,0,0.03,0.03,2.58,21
Maguire,MUN,DEF,Papezared ⭐️,True,7,0,0,0,0,0,0,0,0,0,0,0,3,1.4,0.1,0,0.2,0,0,0,0,0.04,21
De Bruyne,MCI,MID,Papezared ⭐️,True,90,0,1,0,2,0,0,0,0,0,0,2,33,41.2,98.8,13,15.3,1,0.16,0.42,0.58,2.58,21
Rice,ARS,MID,Papezared ⭐️,True,86,0,0,0,1,0,0,0,0,0,0,0,18,10.6,17.8,13,4.1,1,0.13,0.17,0.3,0.7,21
Garnacho,MUN,MID,Papezared ⭐️,True,90,0,0,0,1,0,0,0,0,0,0,1,18,20.6,34.6,71,12.6,1,0.61,0.34,0.95,1.52,21
Rogers,AVL,MID,Papezared ⭐️,True,90,0,1,1,0,0,0,0,0,0,0,0,16,26,13.4,14,5.3,1,0.07,0.06,0.13,1.14,21
El Khannouss,LEI,MID,Papezared ⭐️,True,65,0,0,0,1,0,0,0,0,0,0,0,15,10.4,13,8,3.1,1,0.04,0.01,0.05,1.47,21
Watkins,AVL,FWD,Papezared ⭐️,True,90,1,0,1,0,0,0,0,0,0,0,2,29,36.6,13.6,22,7.2,1,0.46,0.05,0.51,1.14,21
Højlund,MUN,FWD,Papezared ⭐️,True,52,0,0,0,1,0,0,0,0,0,0,0,6,2.4,22.1,12,3.7,1,0.22,0.17,0.39,1.31,21
Kinsky,TOT,GKP,Papezared ⭐️,False,90,0,0,0,2,0,0,0,0,0,3,0,11,29.4,0,0,2.9,1,0,0,0,1.45,21
Schär,NEW,DEF,Papezared ⭐️,False,0,0,0,0,0,0,0,0,0,0,0,0,0,0,0,0,0,0,0,0,0,0,21
Aina,NFO,DEF,Papezared ⭐️,False,90,0,0,0,1,0,0,0,0,0,0,0,10,15.4,0.3,0,1.6,1,0,0.02,0.02,1.99,21
Awoniyi,NFO,FWD,Papezared ⭐️,False,1,0,0,0,0,0,0,0,0,0,0,0,2,0,0,0,0,0,0,0,0,0.02,21
Kinsky,TOT,GKP,Papezared ⭐️,True,90,0,0,0,3,0,0,0,0,0,4,0,8,32.6,0,0,3.3,1,0,0,0,1.95,22
Maguire,MUN,DEF,Papezared ⭐️,True,90,0,0,0,3,0,0,0,1,0,0,0,-2,15.2,1.4,2,1.9,1,0,0.01,0.01,1.93,22
Schär,NEW,DEF,Papezared ⭐️,True,45,0,0,0,2,0,0,0,0,0,0,0,-1,11.6,0.1,17,2.9,0,0.04,0,0.04,1.09,22
Aina,NFO,DEF,Papezared ⭐️,True,90,0,1,0,2,0,0,0,0,0,0,0,23,34,17,2,5.3,1,0,0.1,0.1,0.89,22
De Bruyne,MCI,MID,Papezared ⭐️,True,62,0,3,1,0,0,0,0,0,0,0,0,40,38.4,40.6,25,10.4,1,0.16,0.3,0.46,0.57,22
Rice,ARS,MID,Papezared ⭐️,True,90,0,0,0,2,0,0,0,0,0,0,0,17,15.2,27.4,7,5,1,0.02,0.19,0.21,1.04,22
Garnacho,MUN,MID,Papezared ⭐️,True,26,0,0,0,1,0,0,0,0,0,0,0,1,0,0.5,11,1,0,0.07,0,0.07,0.27,22
Rogers,AVL,MID,Papezared ⭐️,True,90,0,0,0,2,0,0,0,1,0,0,0,-4,3.2,11.2,0,1.4,1,0,0.03,0.03,1.33,22
Anderson,NFO,MID,Papezared ⭐️,True,90,1,0,0,2,0,0,0,0,0,0,1,31,41.6,5,11,5.8,1,0.03,0.01,0.04,0.89,22
Watkins,AVL,FWD,Papezared ⭐️,True,79,1,0,0,2,0,0,0,0,0,0,2,31,38.8,0.3,43,8.2,1,0.62,0,0.62,0.92,22
Højlund,MUN,FWD,Papezared ⭐️,True,6,0,0,0,0,0,0,0,0,0,0,0,3,0,0.3,0,0,0,0,0,0,0,22
Henderson,CRY,GKP,Papezared ⭐️,False,90,0,0,1,0,0,0,0,0,0,0,0,20,2.6,0,0,0.3,1,0,0,0,0.28,22
Aké,MCI,DEF,Papezared ⭐️,False,0,0,0,0,0,0,0,0,0,0,0,0,0,0,0,0,0,0,0,0,0,0,22
Awoniyi,NFO,FWD,Papezared ⭐️,False,7,0,0,0,1,0,0,0,0,0,0,0,4,2.2,1.3,0,0.4,0,0,0,0,0.4,22
Davis,IPS,DEF,Papezared ⭐️,False,90,0,0,0,6,0,0,0,0,0,0,0,-15,8,13.8,4,2.6,1,0,0.06,0.06,3.03,22
Henderson,CRY,GKP,Papezared ⭐️,True,90,0,0,0,2,0,0,0,1,0,4,0,6,23.4,0,0,2.3,1,0,0.01,0.01,1.53,23
Schär,NEW,DEF,Papezared ⭐️,True,90,0,0,0,1,0,0,0,0,0,0,0,9,26.2,10.4,19,5.6,1,0.07,0.01,0.08,0.76,23
Aina,NFO,DEF,Papezared ⭐️,True,78,0,0,0,3,0,0,0,0,0,0,0,-5,11,1.3,2,1.4,1,0,0.02,0.02,0.94,23
Andersen,FUL,DEF,Papezared ⭐️,True,90,0,0,0,1,0,0,0,0,0,0,0,6,11.4,0.9,10,2.2,1,0.11,0.01,0.12,0.25,23
Minteh,BHA,MID,Papezared ⭐️,True,16,0,0,0,0,0,0,0,1,0,0,0,3,6.4,1.2,2,1,0,0,0.01,0.01,0.04,23
Rogers,AVL,MID,Papezared ⭐️,True,71,0,0,0,1,0,0,0,1,0,0,0,0,2.4,7.8,14,2.4,1,0,0.05,0.05,1.04,23
Anderson,NFO,MID,Papezared ⭐️,True,90,0,0,0,5,0,0,0,0,0,0,0,11,5.6,10.1,3,1.9,1,0.01,0.37,0.38,1.69,23
Rice,ARS,MID,Papezared ⭐️,True,90,0,0,1,0,0,0,0,0,0,0,0,19,23,44.8,23,9.1,1,0.04,0.27,0.31,0.74,23
De Bruyne,MCI,MID,Papezared ⭐️,True,16,0,0,0,0,0,0,0,0,0,0,0,2,0.6,1.3,0,0.2,0,0,0.01,0.01,0.05,23
Højlund,MUN,FWD,Papezared ⭐️,True,57,0,0,0,0,0,0,0,0,0,0,0,1,0,2.2,2,0.2,1,0,0.01,0.01,0.24,23
Watkins,AVL,FWD,Papezared ⭐️,True,65,0,1,1,0,0,0,0,0,0,0,0,15,18.8,23.5,23,6.5,1,0.13,0.04,0.17,0.85,23
Kinsky,TOT,GKP,Papezared ⭐️,False,90,0,0,0,2,0,0,0,0,0,1,0,7,12.2,10.1,0,2.2,1,0,0.01,0.01,1.56,23
O'Brien,EVE,DEF,Papezared ⭐️,False,90,0,0,1,0,0,0,0,1,0,0,0,28,23.4,0.4,0,2.4,1,0,0,0,0.73,23
Davis,IPS,DEF,Papezared ⭐️,False,45,0,0,0,3,0,0,0,0,0,0,0,-3,15.8,0.5,0,1.6,1,0,0,0,1.25,23
Awoniyi,NFO,FWD,Papezared ⭐️,False,11,0,0,0,2,0,0,0,0,0,0,0,4,2.2,10.8,2,1.5,0,0,0.01,0.01,0.76,23
Henderson,CRY,GKP,Papezared ⭐️,True,90,0,0,1,0,0,0,0,0,0,2,0,25,18,0,0,1.8,1,0,0,0,1.12,24
Schär,NEW,DEF,Papezared ⭐️,True,90,0,0,0,2,0,0,0,0,0,0,0,4,30.2,1.1,21,5.2,1,0.16,0.04,0.2,1.56,24
Aina,NFO,DEF,Papezared ⭐️,True,90,0,0,1,0,0,0,0,0,0,0,0,27,19.6,12.6,2,3.4,1,0,0.03,0.03,0.88,24
Davis,IPS,DEF,Papezared ⭐️,True,87,0,0,0,2,0,0,0,0,0,0,0,0,10,23.3,6,3.9,1,0.11,0.01,0.12,0.91,24
O'Brien,EVE,DEF,Papezared ⭐️,True,180,0,0,1,2,0,0,0,0,0,0,0,22,21.4,1.5,2,2.5,2,0,0.01,0.01,0.98,24
Rogers,AVL,MID,Papezared ⭐️,True,90,0,0,0,2,0,0,0,1,0,0,0,-2,4.6,21.3,11,3.7,1,0.04,0.04,0.08,1.63,24
Anderson,NFO,MID,Papezared ⭐️,True,81,0,0,1,0,0,0,0,0,0,0,0,14,11.4,26.3,2,4,1,0,0.04,0.04,0.68,24
Rice,ARS,MID,Papezared ⭐️,True,90,0,2,0,1,0,0,0,0,0,0,2,39,47.4,48.3,2,9.8,1,0,0.2,0.2,0.81,24
De Bruyne,MCI,MID,Papezared ⭐️,True,18,0,0,0,2,0,0,0,0,0,0,0,3,0,0.3,0,0,0,0,0,0,0.25,24
Højlund,MUN,FWD,Papezared ⭐️,True,20,0,0,0,1,0,0,0,0,0,0,0,6,0.2,2.7,6,0.9,0,0.06,0.01,0.07,0.56,24
Watkins,AVL,FWD,Papezared ⭐️,True,45,0,0,0,1,0,0,0,0,0,0,0,1,0.2,0.7,0,0.1,1,0,0,0,1.44,24
Kinsky,TOT,GKP,Papezared ⭐️,False,90,0,0,1,0,0,0,0,0,0,3,0,26,28.4,0,0,2.8,1,0,0,0,2.06,24
Enciso,IPS,MID,Papezared ⭐️,False,88,0,0,0,2,0,0,0,0,0,0,0,10,15,14.5,33,6.3,1,0.41,0.06,0.47,0.91,24
Andersen,FUL,DEF,Papezared ⭐️,False,90,0,0,0,1,0,0,0,1,0,0,0,7,20.4,21.2,2,4.4,1,0,0.08,0.08,0.75,24
Awoniyi,NFO,FWD,Papezared ⭐️,False,8,0,0,0,0,0,0,0,0,0,0,0,3,4,0.3,21,2.5,0,0.36,0.01,0.37,0.2,24
Henderson,CRY,GKP,Papezared ⭐️,True,90,0,0,0,2,0,0,0,0,0,4,0,8,31.2,0,0,3.1,1,0,0,0,0.96,25
Andersen,FUL,DEF,Papezared ⭐️,True,90,0,0,0,1,0,0,0,0,0,0,0,16,35.2,1,0,3.6,1,0,0.01,0.01,0.42,25
Schär,NEW,DEF,Papezared ⭐️,True,90,0,0,0,4,0,0,0,0,0,0,0,-4,15.2,0.7,2,1.8,1,0,0,0,1.9,25
Aina,NFO,DEF,Papezared ⭐️,True,90,0,0,0,2,0,0,0,0,0,0,0,11,29.4,12.4,0,4.2,1,0,0.02,0.02,2.18,25
Johnson,TOT,MID,Papezared ⭐️,True,26,0,0,0,0,0,0,0,0,0,0,0,3,1.2,1,4,0.6,0,0,0.06,0.06,0.65,25
De Bruyne,MCI,MID,Papezared ⭐️,True,0,0,0,0,0,0,0,0,0,0,0,0,0,0,0,0,0,0,0,0,0,0,25
Rice,ARS,MID,Papezared ⭐️,True,90,0,0,1,0,0,0,0,0,0,0,0,12,14.8,13.1,6,3.4,1,0.12,0.02,0.14,0.22,25
Rogers,AVL,MID,Papezared ⭐️,True,180,0,0,0,3,0,0,0,0,0,0,0,16,25.2,52,89,16.6,2,0.87,0.17,1.04,2.81,25
Anderson,NFO,MID,Papezared ⭐️,True,84,0,0,0,2,0,0,0,0,0,0,0,15,13.4,5.1,5,2.4,1,0.02,0.02,0.04,1.9,25
Watkins,AVL,FWD,Papezared ⭐️,True,180,2,0,0,3,0,0,0,0,0,0,3,55,68.2,11.3,60,13.9,2,1,0.13,1.13,2.81,25
Højlund,MUN,FWD,Papezared ⭐️,True,90,0,0,0,1,0,0,0,0,0,0,0,5,5.4,2.1,43,5.1,1,0.08,0,0.08,2.23,25
Kinsky,TOT,GKP,Papezared ⭐️,False,0,0,0,0,0,0,0,0,0,0,0,0,0,0,0,0,0,0,0,0,0,0,25
Davis,IPS,DEF,Papezared ⭐️,False,0,0,0,0,0,0,0,0,0,0,0,0,0,0,0,0,0,0,0,0,0,0,25
White,ARS,DEF,Papezared ⭐️,False,0,0,0,0,0,0,0,0,0,0,0,0,0,0,0,0,0,0,0,0,0,0,25
Awoniyi,NFO,FWD,Papezared ⭐️,False,0,0,0,0,0,0,0,0,0,0,0,0,0,0,0,0,0,0,0,0,0,0,25
Henderson,CRY,GKP,Papezared ⭐️,True,90,0,0,1,0,0,0,0,0,0,0,0,21,2.4,0,0,0.2,1,0,0,0,0.21,26
Aina,NFO,DEF,Papezared ⭐️,True,90,0,0,0,4,0,0,0,0,0,0,0,-9,0.6,15.4,7,2.3,1,0.01,0.07,0.08,3.05,26
Andersen,FUL,DEF,Papezared ⭐️,True,90,0,0,0,2,1,0,0,0,0,0,0,0,16.4,1.8,1,1.9,1,0.03,0.03,0.06,1.29,26
Schär,NEW,DEF,Papezared ⭐️,True,90,0,0,0,3,0,0,0,0,0,0,0,1,27.6,0.5,6,3.4,1,0.07,0,0.07,2.18,26
Spence,TOT,DEF,Papezared ⭐️,True,90,1,0,0,1,0,0,0,0,0,0,0,26,43,5.3,19,6.7,1,0.11,0.01,0.12,1.15,26
Rogers,AVL,MID,Papezared ⭐️,True,77,0,0,0,1,0,0,0,0,0,0,0,10,8.4,16.9,10,3.5,1,0,0.19,0.19,2.29,26
Anderson,NFO,MID,Papezared ⭐️,True,76,0,0,0,4,0,0,0,1,0,0,0,15,12.6,22,8,4.3,1,0.16,0.16,0.32,2.98,26
Rice,ARS,MID,Papezared ⭐️,True,55,0,0,0,1,0,0,0,0,0,0,0,9,13.4,32.5,7,5.3,1,0.02,0.17,0.19,1.04,26
Johnson,TOT,MID,Papezared ⭐️,True,63,2,0,0,1,0,0,0,1,0,0,3,44,66.6,1.3,55,12.3,1,1.15,0,1.15,1.03,26
Højlund,MUN,FWD,Papezared ⭐️,True,69,0,0,0,2,0,0,0,0,0,0,0,4,0,10.8,6,1.7,1,0,0.01,0.01,1.76,26
Watkins,AVL,FWD,Papezared ⭐️,True,76,0,0,0,1,0,0,0,0,0,0,0,7,5,2,65,7.2,1,0.81,0,0.81,2.29,26
Vicario,TOT,GKP,Papezared ⭐️,False,90,0,0,0,1,0,0,0,0,0,4,0,11,27.8,0,0,2.8,1,0,0,0,1.15,26
De Bruyne,MCI,MID,Papezared ⭐️,False,65,0,0,0,2,0,0,0,0,0,0,0,7,7,26.9,7,4.1,1,0.04,0.07,0.11,0.52,26
White,ARS,DEF,Papezared ⭐️,False,4,0,0,0,0,0,0,0,0,0,0,0,2,0,2,6,0.7,0,0.06,0.01,0.07,0,26
Awoniyi,NFO,FWD,Papezared ⭐️,False,0,0,0,0,0,0,0,0,0,0,0,0,0,0,0,0,0,0,0,0,0,0,26
Henderson,CRY,GKP,Papezared ⭐️,True,90,0,0,0,1,0,0,0,0,0,1,0,5,10,0,0,1,1,0,0,0,0.38,27
Dorgu,MUN,DEF,Papezared ⭐️,True,42,0,0,0,2,0,0,0,0,1,0,0,-16,0.4,3.2,19,2.3,1,0.05,0,0.05,1.01,27
Spence,TOT,DEF,Papezared ⭐️,True,23,0,0,0,0,0,0,0,0,0,0,0,2,4.4,11.5,2,1.8,0,0,0.1,0.1,0.05,27
Aina,NFO,DEF,Papezared ⭐️,True,90,0,0,1,0,0,0,0,0,0,0,0,22,8.2,1.6,0,1,1,0,0.01,0.01,0.99,27
Schär,NEW,DEF,Papezared ⭐️,True,90,0,0,0,2,0,0,0,0,0,0,0,0,10,1.8,2,1.4,1,0,0.01,0.01,1.7,27
Rice,ARS,MID,Papezared ⭐️,True,90,0,0,1,0,0,0,0,0,0,0,0,19,21.2,47.9,7,7.6,1,0.1,0.22,0.32,0.4,27
Johnson,TOT,MID,Papezared ⭐️,True,90,0,0,0,1,0,0,0,0,0,0,0,10,5.6,12.6,11,2.9,1,0.05,0.11,0.16,2.12,27
Rogers,AVL,MID,Papezared ⭐️,True,90,1,0,0,4,0,0,0,0,0,0,0,23,40.8,5.4,23,6.9,1,0.13,0.02,0.15,4.31,27
Caicedo,CHE,MID,Papezared ⭐️,True,82,0,0,1,0,0,0,0,1,0,0,0,8,5.6,7.2,2,1.5,1,0.03,0.04,0.07,0.72,27
Watkins,AVL,FWD,Papezared ⭐️,True,67,0,1,0,2,0,0,0,0,0,0,0,13,18,14.6,0,3.3,1,0,0.03,0.03,2.57,27
Højlund,MUN,FWD,Papezared ⭐️,True,66,0,0,0,2,0,0,0,1,0,0,0,-1,0,1.4,2,0,1,0,0,0,1.26,27
Vicario,TOT,GKP,Papezared ⭐️,False,90,0,0,0,1,0,0,0,0,0,4,0,12,32,0,0,3.2,1,0,0,0,2.12,27
De Bruyne,MCI,MID,Papezared ⭐️,False,0,0,0,0,0,0,0,0,0,0,0,0,0,0,0,0,0,0,0,0,0,0,27
White,ARS,DEF,Papezared ⭐️,False,5,0,0,0,0,0,0,0,0,0,0,0,3,5,0,0,0.5,0,0,0,0,0.1,27
Awoniyi,NFO,FWD,Papezared ⭐️,False,5,0,0,0,0,0,0,0,0,0,0,0,3,0,0,0,0,0,0,0,0,0.06,27
Henderson,CRY,GKP,Papezared ⭐️,True,90,0,0,1,0,0,0,0,0,0,7,2,36,57.4,0,0,5.7,1,0,0,0,1.48,28
Aina,NFO,DEF,Papezared ⭐️,True,90,0,0,1,0,0,0,0,0,0,0,0,17,14,1.7,0,1.6,1,0,0.02,0.02,0.86,28
Schär,NEW,DEF,Papezared ⭐️,True,90,0,0,1,0,0,0,0,0,0,0,0,24,22.4,4.8,2,2.9,1,0,0.01,0.01,0.45,28
Spence,TOT,DEF,Papezared ⭐️,True,90,0,0,0,2,0,0,0,0,0,0,0,8,13.2,5.1,2,2,1,0,0.02,0.02,2.2,28
N.Semedo,WOL,DEF,Papezared ⭐️,True,90,0,0,0,1,0,0,0,0,0,0,0,5,4.4,5.6,4,1.4,1,0,0.02,0.02,1.41,28
Rogers,AVL,MID,Papezared ⭐️,True,90,0,0,1,0,0,0,0,0,0,0,0,13,6.6,22.6,5,3.4,1,0.08,0.02,0.1,0.83,28
Barnes,NEW,MID,Papezared ⭐️,True,78,0,1,1,0,0,0,0,0,0,0,0,21,26.6,28.7,67,12.2,1,0.38,0.48,0.86,0.4,28
Rice,ARS,MID,Papezared ⭐️,True,90,1,0,0,1,0,0,0,0,0,0,3,34,40.6,16.4,29,8.6,1,0.12,0.3,0.42,1.52,28
Johnson,TOT,MID,Papezared ⭐️,True,45,0,0,0,1,0,0,0,0,0,0,0,0,0,3.1,10,1.3,1,0,0.02,0.02,1.2,28
Elliott,LIV,MID,Papezared ⭐️,True,45,0,0,0,0,0,0,0,0,0,0,0,10,7.8,3.7,31,4.3,0,0.13,0.03,0.16,0.1,28
Watkins,AVL,FWD,Papezared ⭐️,True,90,1,0,1,0,0,0,0,0,0,0,3,31,37.8,2.8,49,9,1,0.56,0.01,0.57,0.83,28
Vicario,TOT,GKP,Papezared ⭐️,False,90,0,0,0,2,0,0,0,0,0,6,0,15,52.2,0,0,5.2,1,0,0,0,2.2,28
Højlund,MUN,FWD,Papezared ⭐️,False,14,0,0,0,0,0,0,0,0,0,0,0,2,0.6,0.6,7,0.8,0,0.19,0.02,0.21,0.66,28
White,ARS,DEF,Papezared ⭐️,False,0,0,0,0,0,0,0,0,0,0,0,0,0,0,0,0,0,0,0,0,0,0,28
Awoniyi,NFO,FWD,Papezared ⭐️,False,3,0,0,0,0,0,0,0,0,0,0,0,-1,0.2,0,0,0,0,0,0,0,0.07,28
Vicario,TOT,GKP,Papezared ⭐️,True,90,0,0,0,2,0,0,0,0,0,2,0,4,19.2,0,0,1.9,1,0,0,0,0.97,29
Aina,NFO,DEF,Papezared ⭐️,True,90,0,0,0,2,0,0,0,0,0,0,0,0,19.2,1.3,3,2.4,1,0.01,0.01,0.02,0.42,29
O'Brien,EVE,DEF,Papezared ⭐️,True,90,1,0,0,1,0,0,0,0,0,0,2,27,56,44.6,44,14.5,1,0.32,0.12,0.44,0.83,29
Spence,TOT,DEF,Papezared ⭐️,True,90,0,0,0,2,0,0,0,0,0,0,0,9,26.6,17.9,0,4.5,1,0,0.06,0.06,0.97,29
N.Semedo,WOL,DEF,Papezared ⭐️,True,89,0,0,0,1,0,0,0,0,0,0,0,6,17.4,1.5,0,1.9,1,0,0.01,0.01,1.37,29
Davis,IPS,DEF,Papezared ⭐️,True,90,0,0,0,4,0,0,0,0,0,0,0,-5,5.6,41,1,4.8,1,0.03,0.13,0.16,1.52,29
Ward-Prowse,WHU,MID,Papezared ⭐️,True,90,0,0,0,1,0,0,0,0,0,0,0,19,18.8,44.2,33,9.6,1,0.29,0.22,0.51,1,29
Rice,ARS,MID,Papezared ⭐️,True,90,0,0,1,0,0,0,0,0,0,0,0,9,13,31.5,13,5.8,1,0.16,0.27,0.43,0.36,29
Johnson,TOT,MID,Papezared ⭐️,True,45,0,0,0,0,0,0,0,0,0,0,0,5,1.2,0.8,0,0.2,1,0,0,0,0.38,29
Martinelli,ARS,MID,Papezared ⭐️,True,78,0,0,1,0,0,0,0,0,0,0,0,8,10,27.7,32,7,1,0.08,0.09,0.17,0.26,29
Højlund,MUN,FWD,Papezared ⭐️,True,84,1,0,1,0,0,0,0,0,0,0,1,32,28.2,3.3,29,6.1,1,0.24,0,0.24,0.97,29
Henderson,CRY,GKP,Papezared ⭐️,False,0,0,0,0,0,0,0,0,0,0,0,0,0,0,0,0,0,0,0,0,0,0,29
Awoniyi,NFO,FWD,Papezared ⭐️,False,10,0,0,0,2,0,0,0,0,0,0,0,3,0.2,0.5,0,0.1,0,0,0,0,0.09,29
Rogers,AVL,MID,Papezared ⭐️,False,0,0,0,0,0,0,0,0,0,0,0,0,0,0,0,0,0,0,0,0,0,0,29
Watkins,AVL,FWD,Papezared ⭐️,False,0,0,0,0,0,0,0,0,0,0,0,0,0,0,0,0,0,0,0,0,0,0,29
Henderson,CRY,GKP,Papezared ⭐️,True,90,0,0,0,1,0,0,0,0,0,1,0,5,10.6,0,0,1.1,1,0,0,0,0.67,30
Aina,NFO,DEF,Papezared ⭐️,True,39,0,0,0,0,0,0,0,0,0,0,0,4,4.6,0.9,0,0.6,1,0,0.02,0.02,0.46,30
Schär,NEW,DEF,Papezared ⭐️,True,90,0,0,0,1,0,0,0,1,0,0,0,5,15.6,0.8,2,1.8,1,0.02,0.01,0.03,1.6,30
N.Semedo,WOL,DEF,Papezared ⭐️,True,90,0,0,1,0,0,0,0,0,0,0,0,19,2,5.1,0,0.7,1,0,0.04,0.04,1.34,30
Ward-Prowse,WHU,MID,Papezared ⭐️,True,76,0,0,0,1,0,0,0,0,0,0,0,9,4.4,3.4,1,0.9,1,0.03,0.1,0.13,0.63,30
Rogers,AVL,MID,Papezared ⭐️,True,87,0,2,1,0,0,0,0,0,0,0,1,30,48,25.3,2,7.5,1,0,0.27,0.27,0.49,30
Rice,ARS,MID,Papezared ⭐️,True,90,0,0,0,1,0,0,0,1,0,0,0,9,9,30.3,17,5.6,1,0.28,0.12,0.4,0.99,30
Johnson,TOT,MID,Papezared ⭐️,True,26,0,0,0,0,0,0,0,1,0,0,0,7,8.6,25,4,3.8,0,0,0.48,0.48,0.03,30
Martinelli,ARS,MID,Papezared ⭐️,True,90,0,1,0,1,0,0,0,0,0,0,0,22,27.8,62.8,31,12.2,1,0.33,0.3,0.63,0.99,30
Watkins,AVL,FWD,Papezared ⭐️,True,25,0,0,0,0,0,0,0,1,0,0,0,0,2.2,0.8,8,1.1,0,0,0.01,0.01,0.41,30
Højlund,MUN,FWD,Papezared ⭐️,True,45,0,0,0,0,0,0,0,0,0,0,0,5,3,14.1,13,3,0,0.03,0.03,0.06,0.26,30
Vicario,TOT,GKP,Papezared ⭐️,False,90,0,0,0,1,0,0,0,0,0,4,0,18,36.4,0,0,3.6,1,0,0,0,1.09,30
Spence,TOT,DEF,Papezared ⭐️,False,90,0,0,0,1,0,0,0,1,0,0,0,4,17,2.7,3,2.3,1,0.06,0.06,0.12,1.09,30
O'Brien,EVE,DEF,Papezared ⭐️,False,90,0,0,0,1,0,0,0,0,0,0,0,5,17.2,1,2,2,1,0,0.02,0.02,1.47,30
Awoniyi,NFO,FWD,Papezared ⭐️,False,85,0,0,1,0,0,0,0,0,0,0,0,5,6.4,4.3,5,1.6,1,0.11,0.01,0.12,1,30
Vicario,TOT,GKP,Papezared ⭐️,True,90,0,0,0,1,0,0,0,0,0,3,0,18,24.2,0,0,2.4,1,0,0,0,1.04,31
N.Semedo,WOL,DEF,Papezared ⭐️,True,90,0,0,0,1,0,0,0,0,0,0,0,9,14,5.8,7,2.7,1,0.07,0.06,0.13,0.8,31
Spence,TOT,DEF,Papezared ⭐️,True,90,0,1,0,1,0,0,0,0,0,0,0,23,28.8,16.2,21,6.6,1,0.15,0.3,0.45,1.04,31
Schär,NEW,DEF,Papezared ⭐️,True,90,0,1,1,0,0,0,0,0,0,0,1,39,21.2,0.3,11,3.3,1,0.04,0,0.04,0.47,31
O'Brien,EVE,DEF,Papezared ⭐️,True,90,0,0,0,1,0,0,0,1,0,0,0,-1,5,1,6,1.2,1,0.1,0,0.1,1.79,31
Martinelli,ARS,MID,Papezared ⭐️,True,45,0,0,0,1,0,0,0,0,0,0,0,7,9.4,2.3,25,3.7,0,0.04,0.02,0.06,0.83,31
Rice,ARS,MID,Papezared ⭐️,True,90,0,0,0,1,0,0,0,0,0,0,0,11,21.4,16.4,14,5.2,1,0.28,0.02,0.3,1.09,31
Johnson,TOT,MID,Papezared ⭐️,True,90,2,1,0,1,0,0,0,0,0,0,3,60,74,12.2,43,12.9,1,0.58,0.01,0.59,1.04,31
Ward-Prowse,WHU,MID,Papezared ⭐️,True,90,0,1,0,2,0,0,0,1,0,0,0,22,25.8,29.3,0,5.5,1,0,0.12,0.12,2.12,31
Watkins,AVL,FWD,Papezared ⭐️,True,61,0,0,0,1,0,0,0,0,0,0,0,6,0,0.6,0,0,1,0,0,0,1.07,31
Højlund,MUN,FWD,Papezared ⭐️,True,70,0,0,1,0,0,0,0,0,0,0,0,6,0.4,1.3,2,0.4,1,0,0,0,0.49,31
Henderson,CRY,GKP,Papezared ⭐️,False,90,0,0,0,1,0,0,0,0,0,4,0,16,37.2,10,0,4.7,1,0,0,0,1,31
Awoniyi,NFO,FWD,Papezared ⭐️,False,0,0,0,0,0,0,0,0,0,0,0,0,0,0,0,0,0,0,0,0,0,0,31
Rogers,AVL,MID,Papezared ⭐️,False,90,1,0,0,1,0,0,0,0,0,0,2,26,42.4,22.9,47,11.2,1,0.98,0.11,1.09,1.48,31
Aina,NFO,DEF,Papezared ⭐️,False,0,0,0,0,0,0,0,0,0,0,0,0,0,0,0,0,0,0,0,0,0,0,31
Henderson,CRY,GKP,Papezared ⭐️,True,180,0,0,0,10,0,0,0,0,0,6,0,-8,47.6,0,0,4.8,2,0,0,0,5.2,32
N.Semedo,WOL,DEF,Papezared ⭐️,True,90,0,0,0,2,0,0,0,0,0,0,0,-4,9.6,1.5,4,1.5,1,0.05,0.05,0.1,1.96,32
Spence,TOT,DEF,Papezared ⭐️,True,90,0,0,0,4,1,0,0,0,0,0,0,1,20.2,8.3,4,3.3,1,0,0.03,0.03,2.39,32
Schär,NEW,DEF,Papezared ⭐️,True,180,1,0,1,1,0,0,0,0,0,0,2,52,75.8,21.6,39,13.6,2,0.17,0.02,0.19,2.72,32
O'Brien,EVE,DEF,Papezared ⭐️,True,90,0,0,1,0,0,0,0,0,0,0,0,25,9.4,1.8,9,2,1,0.03,0.01,0.04,0.52,32
Rogers,AVL,MID,Papezared ⭐️,True,84,0,1,1,0,0,0,0,0,0,0,0,21,21.4,17.3,20,5.9,1,0,0.08,0.08,0.25,32
Nwaneri,ARS,MID,Papezared ⭐️,True,62,0,0,1,0,0,0,0,0,0,0,0,7,5.8,18.1,11,3.5,1,0.03,0.03,0.06,0.12,32
Johnson,TOT,MID,Papezared ⭐️,True,90,0,1,0,4,0,0,0,0,0,0,0,21,21.6,21.1,4,4.7,1,0.08,0.11,0.19,2.39,32
Jota Silva,NFO,MID,Papezared ⭐️,True,58,0,0,0,0,0,0,0,0,0,0,0,11,8.2,0.3,36,4.5,1,0.25,0,0.25,0.61,32
Watkins,AVL,FWD,Papezared ⭐️,True,24,1,0,0,0,0,0,0,0,0,0,2,33,37.4,1,21,5.9,0,0.28,0,0.28,0.06,32
Højlund,MUN,FWD,Papezared ⭐️,True,35,0,0,0,2,0,0,0,0,0,0,0,0,0.8,7.4,9,1.7,0,0.31,0.02,0.33,0.93,32
Vicario,TOT,GKP,Papezared ⭐️,False,90,0,0,0,4,0,0,0,0,0,2,0,2,18.4,0,0,1.8,1,0,0,0,2.39,32
White,ARS,DEF,Papezared ⭐️,False,0,0,0,0,0,0,0,0,0,0,0,0,0,0,0,0,0,0,0,0,0,0,32
Rice,ARS,MID,Papezared ⭐️,False,74,0,1,0,1,0,0,0,0,0,0,0,23,26.2,30.4,21,7.8,1,0.03,0.09,0.12,0.24,32
Awoniyi,NFO,FWD,Papezared ⭐️,False,0,0,0,0,0,0,0,0,0,0,0,0,0,0,0,0,0,0,0,0,0,0,32
Henderson,CRY,GKP,Papezared ⭐️,True,180,0,0,1,2,0,0,0,0,0,6,2,35,48.4,0,0,4.8,2,0,0,0,1.94,33
Spence,TOT,DEF,Papezared ⭐️,True,90,0,0,0,2,0,0,0,0,0,0,0,2,11.2,7.7,6,2.5,1,0.07,0.02,0.09,0.48,33
Schär,NEW,DEF,Papezared ⭐️,True,81,1,0,0,4,0,0,0,1,0,0,0,7,47.6,0.2,33,8.1,1,0.29,0,0.29,2.19,33
White,ARS,DEF,Papezared ⭐️,True,90,0,0,1,0,0,0,0,0,0,0,0,27,21.4,39.5,15,7.6,1,0.02,0.1,0.12,0.17,33
Martinelli,ARS,MID,Papezared ⭐️,True,162,1,0,1,2,0,0,0,0,0,0,0,38,36.8,17.9,61,11.6,2,0.71,0.23,0.94,1.88,33
Rice,ARS,MID,Papezared ⭐️,True,162,0,1,1,2,0,0,0,1,0,0,1,32,38.6,61.4,21,12.1,2,0.09,0.23,0.32,1.88,33
Rogers,AVL,MID,Papezared ⭐️,True,166,0,1,0,2,0,0,0,1,0,0,1,32,46,41,52,13.9,2,0.32,0.25,0.57,1.91,33
Johnson,TOT,MID,Papezared ⭐️,True,23,0,0,0,0,0,0,0,0,0,0,0,4,0.4,1.3,4,0.6,0,0,0.01,0.01,0,33
Nwaneri,ARS,MID,Papezared ⭐️,True,37,1,0,0,0,0,0,0,0,0,0,0,28,37.4,9.4,24,7.1,0,0.16,0.07,0.23,0.18,33
Watkins,AVL,FWD,Papezared ⭐️,True,96,1,1,0,2,0,0,0,1,0,0,3,37,47.6,23.6,46,11.5,1,0.44,0.08,0.52,1.42,33
Højlund,MUN,FWD,Papezared ⭐️,True,69,0,0,1,0,0,0,0,0,0,0,0,3,0,1.2,14,1.4,1,0.07,0.01,0.08,0.13,33
Vicario,TOT,GKP,Papezared ⭐️,False,90,0,0,0,2,0,0,0,0,0,1,0,-1,2.2,0,0,0.2,1,0,0,0,0.48,33
N.Semedo,WOL,DEF,Papezared ⭐️,False,73,0,0,1,0,0,0,0,0,0,0,0,19,3.2,2.8,1,0.7,1,0.02,0.02,0.04,0.74,33
O'Brien,EVE,DEF,Papezared ⭐️,False,90,0,0,0,2,0,0,0,0,0,0,0,4,13,1.2,0,1.4,1,0,0,0,2.04,33
Awoniyi,NFO,FWD,Papezared ⭐️,False,14,0,0,0,1,0,0,0,0,0,0,0,1,3.2,0,0,0.3,0,0,0,0,0.38,33
Bentley,WOL,GKP,Papezared ⭐️,True,0,0,0,0,0,0,0,0,0,0,0,0,0,0,0,0,0,0,0,0,0,0,34
Zabarnyi,BOU,DEF,Papezared ⭐️,True,90,0,0,0,1,0,0,0,0,0,0,0,5,14.4,0.4,9,2.4,1,0.09,0,0.09,2.52,34
Schär,NEW,DEF,Papezared ⭐️,True,82,0,0,1,0,0,0,0,0,0,0,0,23,13.4,6.9,3,2.3,1,0.02,0.03,0.05,0.1,34
N.Semedo,WOL,DEF,Papezared ⭐️,True,88,0,0,1,0,0,0,0,0,0,0,0,26,10,31.1,0,4.1,1,0,0.08,0.08,1.1,34
O'Brien,EVE,DEF,Papezared ⭐️,True,90,0,0,0,1,0,0,0,0,0,0,0,14,13.4,0.8,0,1.4,1,0,0,0,0.88,34
Walker-Peters,SOU,DEF,Papezared ⭐️,True,90,0,0,0,2,0,0,0,0,0,0,0,6,19.8,2.8,19,4.2,1,0.16,0.01,0.17,2.42,34
Hinshelwood,BHA,MID,Papezared ⭐️,True,81,0,1,0,1,0,0,0,1,0,0,0,22,25.2,35.7,4,6.5,1,0.03,0.08,0.11,0.76,34
Johnson,TOT,MID,Papezared ⭐️,True,90,0,0,0,5,0,0,0,0,0,0,0,1,0,0.6,0,0,1,0,0.01,0.01,2.28,34
Ward-Prowse,WHU,MID,Papezared ⭐️,True,45,0,0,0,1,0,0,0,0,0,0,0,8,5.2,14.6,2,2.2,1,0.04,0.03,0.07,0.27,34
Lewis-Potter,BRE,MID,Papezared ⭐️,True,45,0,0,0,0,0,0,0,1,0,0,0,0,0.6,0.5,0,0.1,1,0,0,0,0.26,34
Højlund,MUN,FWD,Papezared ⭐️,True,90,1,0,0,1,0,0,0,0,0,0,3,34,37.8,13.8,37,8.9,1,0.48,0.01,0.49,0.53,34
Henderson,CRY,GKP,Papezared ⭐️,False,0,0,0,0,0,0,0,0,0,0,0,0,0,0,0,0,0,0,0,0,0,0,34
Awoniyi,NFO,FWD,Papezared ⭐️,False,29,0,0,0,1,0,0,0,0,0,0,0,4,1,0.1,0,0.1,0,0,0,0,0.6,34
Rogers,AVL,MID,Papezared ⭐️,False,0,0,0,0,0,0,0,0,0,0,0,0,0,0,0,0,0,0,0,0,0,0,34
Watkins,AVL,FWD,Papezared ⭐️,False,0,0,0,0,0,0,0,0,0,0,0,0,0,0,0,0,0,0,0,0,0,0,34
Henderson,CRY,GKP,Papezared ⭐️,True,90,0,0,0,1,0,0,0,0,0,4,0,12,21.6,0,0,2.2,1,0,0,0,0.71,35
Cash,AVL,DEF,Papezared ⭐️,True,90,0,0,1,0,0,0,0,0,0,0,1,28,13.8,16.8,0,3.1,1,0,0.02,0.02,0.85,35
Schär,NEW,DEF,Papezared ⭐️,True,90,0,1,0,1,0,0,0,0,0,0,1,20,16.6,1.9,12,3.1,1,0.3,0.09,0.39,0.69,35
O'Brien,EVE,DEF,Papezared ⭐️,True,90,0,0,0,2,0,0,0,1,0,0,0,0,12.8,1,0,1.4,1,0,0.01,0.01,0.85,35
Zabarnyi,BOU,DEF,Papezared ⭐️,True,90,0,0,0,1,0,0,0,0,0,0,0,12,17.2,4.4,0,2.2,1,0,0.01,0.01,1.42,35
Rice,ARS,MID,Papezared ⭐️,True,73,1,0,0,1,0,0,0,0,0,0,2,29,39.8,12.4,27,7.9,1,0.59,0.08,0.67,0.77,35
Merino,ARS,MID,Papezared ⭐️,True,16,0,0,0,1,0,0,0,0,0,0,0,2,1.6,1.8,0,0.3,0,0,0.01,0.01,0.2,35
Rogers,AVL,MID,Papezared ⭐️,True,90,0,0,1,0,0,0,0,0,0,0,0,19,14.6,43.8,6,6.4,1,0.08,0.71,0.79,0.85,35
McNeil,EVE,MID,Papezared ⭐️,True,77,1,0,0,1,0,0,0,0,0,0,3,31,34,11.3,11,5.6,1,0.03,0.03,0.06,0.56,35
Watkins,AVL,FWD,Papezared ⭐️,True,70,0,0,1,0,0,0,0,0,0,0,0,1,5.4,11,21,3.7,1,0.21,0.01,0.22,0.7,35
Stewart,SOU,FWD,Papezared ⭐️,True,45,0,0,0,2,0,0,0,0,0,0,0,2,0,1.5,5,0.5,1,0.06,0,0.06,0.9,35
Vicario,TOT,GKP,Papezared ⭐️,False,90,0,0,0,1,0,0,0,0,0,1,0,4,9,0,0,0.9,1,0,0,0,0.84,35
Johnson,TOT,MID,Papezared ⭐️,False,0,0,0,0,0,0,0,0,0,0,0,0,0,0,0,0,0,0,0,0,0,0,35
Højlund,MUN,FWD,Papezared ⭐️,False,0,0,0,0,0,0,0,0,0,0,0,0,0,0,0,0,0,0,0,0,0,0,35
N.Semedo,WOL,DEF,Papezared ⭐️,False,85,0,0,0,1,0,0,0,0,0,0,0,9,8.2,0.2,5,1.3,1,0.08,0,0.08,0.71,35
Henderson,CRY,GKP,Papezared ⭐️,True,90,0,0,1,0,0,0,0,0,0,1,0,23,14,0,0,1.4,1,0,0,0,0.68,36
N.Semedo,WOL,DEF,Papezared ⭐️,True,90,0,0,0,2,0,0,0,0,0,0,0,5,14.6,30.2,4,4.9,1,0,0.19,0.19,1.57,36
Schär,NEW,DEF,Papezared ⭐️,True,90,0,0,1,0,0,0,0,1,0,0,0,21,18.6,1.8,2,2.2,1,0,0.02,0.02,0.69,36
Zabarnyi,BOU,DEF,Papezared ⭐️,True,87,0,0,0,1,0,0,0,1,0,0,0,12,23.6,1.1,17,4.2,1,0.03,0.05,0.08,0.98,36
Kayode,BRE,DEF,Papezared ⭐️,True,90,0,0,1,0,0,0,0,1,0,0,0,26,10,26.5,6,4.3,1,0.13,0.2,0.33,0.93,36
Smith Rowe,FUL,MID,Papezared ⭐️,True,62,0,1,0,1,0,0,0,0,0,0,0,28,23,41.9,4,6.9,1,0,0.19,0.19,0.82,36
Tavernier,BOU,MID,Papezared ⭐️,True,90,0,0,0,1,0,0,0,0,0,0,0,17,9,20.6,4,3.4,1,0.01,0.09,0.1,0.98,36
Rogers,AVL,MID,Papezared ⭐️,True,88,0,1,1,0,0,0,0,0,0,0,0,20,27.2,14.5,2,4.4,1,0,0.28,0.28,0.26,36
McNeil,EVE,MID,Papezared ⭐️,True,29,0,1,0,0,0,0,0,0,0,0,0,21,20.6,15.3,0,3.6,0,0,0.07,0.07,0.15,36
Højlund,MUN,FWD,Papezared ⭐️,True,90,0,0,0,2,0,0,0,0,0,0,0,-4,0,3.3,70,7.2,1,1.31,0.01,1.32,1.56,36
Watkins,AVL,FWD,Papezared ⭐️,True,90,1,0,1,0,0,0,0,0,0,0,3,34,34.6,1.7,37,7.3,1,0.36,0.02,0.38,0.8,36
Vicario,TOT,GKP,Papezared ⭐️,False,0,0,0,0,0,0,0,0,0,0,0,0,0,0,0,0,0,0,0,0,0,0,36
O'Brien,EVE,DEF,Papezared ⭐️,False,0,0,0,0,0,0,0,0,0,0,0,0,0,0,0,0,0,0,0,0,0,0,36
Rice,ARS,MID,Papezared ⭐️,False,0,0,0,0,0,0,0,0,0,0,0,0,0,0,0,0,0,0,0,0,0,0,36
Stewart,SOU,FWD,Papezared ⭐️,False,2,0,0,0,0,0,0,0,0,0,0,0,3,0.2,0.1,0,0,0,0,0,0,0.11,36
Henderson,CRY,GKP,Papezared ⭐️,True,90,0,0,0,2,0,0,0,0,0,1,0,2,10,0,0,1,1,0,0,0,1.52,37
N.Semedo,WOL,DEF,Papezared ⭐️,True,45,0,0,0,2,0,0,0,0,0,0,0,-1,5.8,2.3,0,0.8,0,0,0.01,0.01,0.59,37
Kayode,BRE,DEF,Papezared ⭐️,True,62,0,0,0,1,0,0,0,0,0,0,0,3,8.2,15,0,2.3,1,0,0.01,0.01,0.77,37
Schär,NEW,DEF,Papezared ⭐️,True,90,0,0,0,1,0,0,0,0,0,0,0,8,33.8,1.3,54,8.9,1,0.92,0.01,0.93,0.64,37
O'Brien,EVE,DEF,Papezared ⭐️,True,90,0,0,1,0,0,0,0,0,0,0,1,26,13.2,0.6,11,2.5,1,0.08,0.01,0.09,1.21,37
Zabarnyi,BOU,DEF,Papezared ⭐️,True,90,0,0,0,3,0,0,0,0,0,0,0,4,15.8,4.2,2,2.2,1,0,0.01,0.01,1.6,37
Rice,ARS,MID,Papezared ⭐️,True,90,1,0,1,0,0,0,0,0,0,0,3,36,52.2,5.5,14,7.2,1,0.09,0.02,0.11,1.86,37
Ward-Prowse,WHU,MID,Papezared ⭐️,True,58,0,0,0,1,0,0,0,0,0,0,0,14,10.4,17,0,2.7,1,0,0.15,0.15,1.41,37
Rogers,AVL,MID,Papezared ⭐️,True,90,0,1,1,0,0,0,0,0,0,0,0,23,27.4,27.8,27,8.2,1,0.36,0.08,0.44,0.51,37
McNeil,EVE,MID,Papezared ⭐️,True,64,0,1,1,0,0,0,0,0,0,0,0,18,21.8,36.1,4,6.2,1,0,0.38,0.38,0.35,37
Watkins,AVL,FWD,Papezared ⭐️,True,85,0,1,1,0,0,0,0,0,0,0,0,21,22.2,14.1,51,8.7,1,0.22,0.37,0.59,0.51,37
Vicario,TOT,GKP,Papezared ⭐️,False,0,0,0,0,0,0,0,0,0,0,0,0,0,0,0,0,0,0,0,0,0,0,37
Obi,MUN,FWD,Papezared ⭐️,False,0,0,0,0,0,0,0,0,0,0,0,0,0,0,0,0,0,0,0,0,0,0,37
Buonanotte,LEI,MID,Papezared ⭐️,False,0,0,0,0,0,0,0,0,0,0,0,0,0,0,0,0,0,0,0,0,0,0,37
Højlund,MUN,FWD,Papezared ⭐️,False,90,0,0,0,1,0,0,0,0,0,0,0,0,0,3.8,0,0.2,1,0,0,0,0.82,37
Henderson,CRY,GKP,Papezared ⭐️,True,90,0,0,0,1,0,0,0,0,0,2,0,10,17,0,0,1.7,1,0,0,0,2.17,38
Zabarnyi,BOU,DEF,Papezared ⭐️,True,90,0,1,1,0,0,0,0,0,0,0,2,36,27.6,12.2,6,4.6,1,0.1,0.17,0.27,0.27,38
N.Semedo,WOL,DEF,Papezared ⭐️,True,90,0,0,0,1,0,0,0,1,0,0,0,13,15.2,28,10,5.3,1,0.05,0.09,0.14,1.43,38
Schär,NEW,DEF,Papezared ⭐️,True,90,0,0,0,1,0,0,0,1,0,0,0,2,6.2,3.3,18,2.8,1,0.41,0.04,0.45,0.99,38
Johnson,TOT,MID,Papezared ⭐️,True,90,0,0,0,4,0,0,0,0,0,0,0,4,0,0.4,10,1,1,0.48,0,0.48,2.27,38
Mitoma,BHA,MID,Papezared ⭐️,True,45,0,1,0,0,0,0,0,0,0,0,0,14,21.2,16.7,4,4.2,0,0,0.06,0.06,0.48,38
McNeil,EVE,MID,Papezared ⭐️,True,14,0,0,0,0,0,0,0,0,0,0,0,10,4.4,10.2,0,1.5,0,0,0.01,0.01,0.39,38
Rogers,AVL,MID,Papezared ⭐️,True,83,0,0,0,1,0,0,0,1,0,0,0,-4,1.6,3.8,2,0.7,1,0,0.01,0.01,1.99,38
Rice,ARS,MID,Papezared ⭐️,True,90,0,0,0,1,0,0,0,0,0,0,0,15,24.2,38.6,25,8.8,1,0.16,0.07,0.22,0.63,38
Højlund,MUN,FWD,Papezared ⭐️,True,80,0,0,1,0,0,0,0,0,0,0,0,10,9.4,26.2,29,6.5,1,0.12,0.24,0.36,0.06,38
Watkins,AVL,FWD,Papezared ⭐️,True,90,0,0,0,2,0,0,0,0,0,0,0,2,0.4,3.6,6,1,1,0,0.02,0.02,2.86,38
Vicario,TOT,GKP,Papezared ⭐️,False,90,0,0,0,4,0,0,0,0,0,4,0,0,35.8,0,0,3.6,1,0,0,0,2.27,38
Kayode,BRE,DEF,Papezared ⭐️,False,85,0,0,0,1,0,0,0,0,0,0,0,9,11.2,12.8,2,2.6,1,0,0.03,0.03,1.07,38
O'Brien,EVE,DEF,Papezared ⭐️,False,90,0,0,1,0,0,0,0,0,0,0,0,23,15.6,0.2,0,1.6,1,0,0,0,1.27,38
Obi,MUN,FWD,Papezared ⭐️,False,9,0,0,0,0,0,0,0,0,0,0,0,2,0,0,4,0.2,0,0.05,0,0.05,0.34,38
